X,Y,fid,Nama_Sekolah,NPSN,Nama_KepSek,Alamat_Sekolah,Tahun_Berdiri,Status_Akreditasi,Ruang_Guru,Ruang_Pimpinan,Lab_IPA,Perpus,UKS,Ruang_AdminTU,Ruang_Sirkulasi,Ruang_Ibadah,Jamban_WC,Area_Olahraga,Gudang,Kantin,Tempat_Parkir,Ruang_Kelas,Lemari,Papan_Pajang,Papan_Tulis,Tempat_Sampah,Tempat_Cuci_Tangan,Jam_Dinding,Kotak_Kontak,Meteran_Listrik,Rumah_Dinas_Guru,Pagar_Keliling,Lapangan_Upacara,Jumlah_Kursi_Siswa,Jumlah_Meja_Siswa,Jumlah_Siswa,Jumlah_Kursi_Guru,Jumlah_Meja_Guru,Jumlah_Guru,GuruAgamaBP_SMA,GuruAgamaBP_D1,GuruAgamaBP_D2,GuruAgamaBP_D3,GuruAgamaBP_S1,GuruAgamaBP_S2,GuruPPKN_SMA,GuruPPKN_D1,GuruPPKN_D2,GuruPPKN_D3,GuruPPKN_S1,GuruPPKN_S2,GuruIndo_SMA,GuruIndo_D1,GuruIndo_D2,GuruIndo_D3,GuruIndo_S1,GuruIndo_S2,GuruMTK_SMA,GuruMTK_D1,GuruMTK_D2,GuruMTK_D3,GuruMTK_S1,GuruMTK_S2,GuruIPA_SMA,GuruIPA_D1,GuruIPA_D2,GuruIPA_D3,GuruIPA_S1,GuruIPA_S2,GuruIPS_SMA,GuruIPS_D1,GuruIPS_D2,GuruIPS_D3,GuruIPS_S1,GuruIPS_S2,GuruIng_SMA,GuruIng_D1,GuruIng_D2,GuruIng_D3,GuruIng_S1,GuruIng_S2,GuruSeni_SMA,GuruSeni_D1,GuruSeni_D2,GuruSeni_D3,GuruSeni_S1,GuruSeni_S2,GuruPJS_SMA,GuruPJS_D1,GuruPJS_D2,GuruPJS_D3,GuruPJS_S1,GuruPJS_S2,GuruPraKarya_SMA,GuruPraKarya_D1,GuruPraKarya_D2,GuruPraKarya_D3,GuruPraKarya_S1,GuruPraKarya_S2,GuruLain_SMA,GuruLain_D1,GuruLain_D2,GuruLain_D3,GuruLain_S1,GuruLain_S2,Jenjang_Pendidikan,Desa,Kecamatan,FotoA,FotoB,FotoC,Catatan,icon_url
125.361417537713,2.74758119844949,"1",SMP Negeri 1 Siau Barat,"40104753","Hendryman Ch. Dalughu, S.Pd, M. Si",Jl. Lokongbanua Kelurahan Ondong Kecamatan Siau Barat,1964/06/30,"2","1","1","2","1","1","2","4","5","1","1","1","4","1","1","10","3","8","15","12","4","0","900","5","3","1","209","209","209","27","27","27","0","0","1","0","3","0","0","0","0","0","2","0","0","0","0","0","2","0","0","0","1","0","2","0","0","0","0","0","2","0","0","0","0","0","3","0","0","0","0","1","2","1","1","0","0","0","0","0","0","0","0","0","2","1","0","0","0","0","1","0","0","0","0","0","0","2","2",Ondong,Siau Barat,DCIM/titik-sekolah_20220825100809585.jpg,DCIM/titik-sekolah_20220825100820836.jpg,DCIM/titik-sekolah_20220825110525976.jpg,"Pintu WC untuk siswa rusak ringan, beberapa jendela ruang kelas sudah pecah, rusak ringan pada plafon pada kantin, ruang Lab IPA bagian plafon rusak ringan",./0.png
125.36865497008,2.6955998595804,"2",SD GMIST Peling Sawang,"40104670",Retna Bidara Kansil,Lindongan III ,1967/06/16,"2","1","5","5","1","5","5",,"5","1","5","1","5","5","2","4","0","6","7","4","0",,"1300","5","2","1","70","35","67","9","9","9","0","0","0","0","1","0","0","0","0","0","0","0","0","0","0","0","0","0","0","0","0","0","0","0","0","0","0","0","0","0","0","0","0","0","0","0","0","0","0","0","0","0","0","0","0","0","0","0","0","0","0","0","0","0","0","0","0","0","0","0","0","0","2","0","6","0","1",Peling Sawang,Siau Barat,DCIM/titik-sekolah_20220825132136110.jpg,DCIM/titik-sekolah_20220825104506932.jpg,DCIM/titik-sekolah_20220825104432892.jpg,,./1.png
125.368080725893,2.69577491562814,"3",SMP Negeri 4 Siau Barat,"40104771","Yames Watulangkou, S.Pd",Lindongan III,1992/08/01,"2","1","1","1","1","5","1",,"5","1","1","1","1","1","1","11","0","8","14","9","4",,"2200","1","2","1","108","108","108","28","28","22","0","0","0","0","1","0","0","0","0","0","2","0","0","0","0","0","0","1","0","0","0","0","3","0","0","0","0","1","1","0","0","0","0","0","1","1","0","0","0","0","3","0","0","0","0","0","1","0","0","0","0","0","3","0","0","0","0","0","1","0","0","0","0","0","3","0","2",Peling Sawang,Siau Barat,DCIM/titik-sekolah_20220825110515011.jpg,DCIM/titik-sekolah_20220825111703992.jpg,DCIM/titik-sekolah_20220825111743361.jpg,Kondisi sekolah masih sangat bagus,./0.png
125.375139964744,2.67780021764338,"4",SD GMIST Efrata Laghaeng,"40104658","Lidia Bidara, S.PdK",Lindongan III Kampung Laghaeng,1946/08/01,"2","1","5","5","5","5","5",,"5","2","5","5","5","5","1","6","0","9","9","3","1",,"900","5","2","1","19","19","19","3","3","7","0","0","0","0","1","0","0","0","0","0","0","0","0","0","0","0","0","0","0","0","0","0","0","0","0","0","0","0","0","0","0","0","0","0","0","0","0","0","0","0","0","0","0","0","0","0","0","0","0","0","0","0","0","0","0","0","0","0","0","0","0","0","0","0","5","1","1",Laghaeng,Siau Barat Selatan,DCIM/titik-sekolah_20220825131735730.jpg,DCIM/titik-sekolah_20220825131758213.jpg,DCIM/titik-sekolah_20220825131815292.jpg,,./1.png
125.373744210228,2.75497856084257,"5",SD GMIST Kana Kanawong,"40104672","Bapak. Heny Jacobus, S.Pd",Kampung Kanawong,1855/05/10,"2","1","1","5","2","1","1",,"5","1","1","5","5","1","1","6","1","6","15","6","2",,"900","5","0","1","34","34","25","13","13","7","0","0","0","0","1","0","0","0","0","0","0","0","0","0","0","0","0","0","0","0","0","0","0","0","0","0","0","0","0","0","0","0","0","0","0","0","0","0","0","0","0","0","0","0","0","0","0","0","0","0","0","0","1","1","0","0","0","0","0","0","0","0","0","0","4","0","1",Kanawong,Siau Barat,DCIM/titik-sekolah_20220825134711225.jpg,DCIM/titik-sekolah_20220825134737472.jpg,DCIM/titik-sekolah_20220825134800968.jpg,"Pagar hanya ada didepan sekolah selebihnya tidak ada pagar, ruang guru, ruang pimpinan, ruang admin TU dan UKS digbung, tidak ada gudang",./1.png
125.36670874,2.75287889,"6",SDN INPRES PEHE,"40104679","ROSTIEN ADILIS, S.Pd",Lindongan 2,1983/08/01,"2","1","5","5","3","1","5",,"5","1","5","1","5","1","2","5","0","6","9","5","2",,"900","1","3","1","32","32","35","9","7","9","0","0","0","0","0","1","0","0","0","0","0","0","0","0","0","0","0","0","0","0","0","0","0","0","0","0","0","0","0","0","0","0","0","0","0","0","0","0","0","0","0","0","0","0","0","0","0","0","0","0","0","0","1","0","0","0","0","0","0","0","0","0","0","0","7","0","1",Pehe,Siau Barat,DCIM/titik-sekolah_20220825134840504.jpg,DCIM/titik-sekolah_20220825134857982.jpg,DCIM/titik-sekolah_20220825134923649.jpg,,./1.png
125.36814458,2.7627128,"7",SD GMIST FILADELFIA LEHI,"40104653","ALFIANUS REIKO TOLI, S,Pd",Lindongan 1,1961/08/01,"2","1","1","5","1","5","5",,"5","1","5","4","1","5","1","3","0","6","8","5","1",,"900","4","3","1","37","37","37","10","6","6","0","0","0","0","0","0","0","0","0","0","0","0","0","0","0","0","0","0","0","0","0","0","0","0","0","0","0","0","0","0","0","0","0","0","0","0","0","0","0","0","0","0","0","0","0","0","0","0","0","0","0","0","0","0","0","0","0","0","0","0","0","0","0","0","6","0","1",Lehi,Siau Barat,,,,,./1.png
125.404595,2.63551,"8",SDN inpres Tanaki,"40104682","Lira Rostyn Andris, S.Pd",Tanaki,1979/07/25,"2","3","5","5","2","5","5",,"5","1","1","3","3","1","2","8","1","6","8","0","2",,"1300","1","3","1","64","64","70","10","10","9","0","0","0","0","1","0","0","0","0","0","0","0","0","0","0","0","0","0","0","0","0","0","0","0","0","0","0","0","0","0","0","0","0","0","0","0","0","0","0","0","0","0","0","0","0","0","0","0","0","0","0","0","1","0","0","0","0","0","0","0","0","0","0","0","7","0","1",Tanaki,Siau Barat Selatan,DCIM/titik-sekolah_20220825082739529.jpg,DCIM/titik-sekolah_20220825082825163.jpg,DCIM/titik-sekolah_20220825082842468.jpg,"3 ruang kelas tanpa plafon, luar maupun dalam dan ruang pimpinan belum ad",./1.png
125.361006666667,2.72672333333333,"9",SD gmist bethabara paseng,"40104652","Stella Badoa, S.Pd",Paseng,1955/10/05,"2","2","5","5","5","5","5",,"5","1","1","3","5","1","1","11","1","6","10","5","1",,"900","2","3","3","30","45","45","12","8","4","0","0","0","0","0","0","0","0","0","0","0","0","0","0","0","0","0","0","0","0","0","0","0","0","0","0","0","0","0","0","0","0","0","0","0","0","0","0","0","0","0","0","0","0","0","0","0","0","0","0","0","0","0","0","0","0","0","0","0","0","0","0","0","0","4","0","1",Paseng,Siau Barat,DCIM/titik-sekolah_20220825110602315.jpg,DCIM/titik-sekolah_20220825110620297.jpg,DCIM/titik-sekolah_20220905075358577.jpg,"Kekurangan guru, perlunya ketambahan guru, kekurangan kursi dan atap sekolah butuh tenovasi",./1.png
125.36131,2.744855,"10",SD gmist Immanuel Ondong,"40104632",Dantje Jacobus S.Pd.K,Paniki,1923/03/02,"1","1","1","5","4","5","5",,"5","1","1","5","5","1","1","3","1","6","12","3","2",,"2200","4","2","1","121","101","121","11","14","8","0","0","0","0","0","0","0","0","0","0","0","0","0","0","0","0","0","0","0","0","0","0","0","0","0","0","0","0","0","0","0","0","0","0","0","0","0","0","0","1","0","0","0","0","0","0","0","0","0","0","0","0","1","0","0","0","0","0","0","0","0","0","0","0","6","0","1",Paniki,Siau Barat,DCIM/titik-sekolah_20220825125659984.jpg,DCIM/titik-sekolah_20220825125734920.jpg,DCIM/titik-sekolah_20220825125755006.jpg,"Perpus rusak berat, rumah dinas rusak berat dan UKS tidak ada",./1.png
125.3617,2.71249666666667,"11",SD GMIST Bumbiha,"40104654","Ruchke Altje Londo, S.Pd",Bumbiha,1958/02/18,"2","2","2","5","5","1","5",,"5","3","1","3","1","5","3","9","1","6","7","3","3",,"1300","5","3","1","64","32","54","14","14","7","0","0","0","0","1","0","0","0","0","0","0","0","0","0","0","0","0","0","0","0","0","0","0","0","0","0","0","0","0","0","0","0","0","0","0","0","0","0","0","0","0","0","0","0","0","0","0","0","0","0","0","0","0","0","0","0","0","0","0","0","0","0","0","0","6","0","1",Bumbiha,Siau Barat,DCIM/titik-sekolah_20220825140118770.jpg,DCIM/titik-sekolah_20220825100547588.jpg,DCIM/titik-sekolah_20220825140338786.jpg,Ruang kelas rusak sedang. Ruang pimpinan rusak ringan. Kusen jendela kelas rusak ringan. Plafon di luar kelas rusak ringan.,./1.png
125.361268255242,2.74029262212286,"12",SDN Inpres Paniki,"40104651","Meiske Lien Kasehung, S.Pd",Desa Paniki,1974/02/14,"2","1","1","5","2","1","5",,"5","2","2","4","4","1","3","13","1","6","7","4","0",,"2200","1","3","1","116","106","115","18","18","9","0","0","0","0","1","0","0","0","0","0","0","0","0","0","0","0","0","0","0","0","0","0","0","0","0","0","0","0","0","0","0","0","0","0","0","0","0","0","0","0","0","0","0","0","0","0","0","0","0","0","0","0","0","0","0","0","0","0","0","0","2","0","0","0","6","0","1",Paniki,Siau Barat,DCIM/titik-sekolah_20220825111709365.jpg,DCIM/titik-sekolah_20220825111719877.jpg,DCIM/titik-sekolah_20220825111730164.jpg,"Tehel ruang kelas 1,2,3,5,6 pecah2 kecil. Plafon perpustakaan rusak ringan. Pagar samping sekolah rusak ringan. Plafon ruang kelas rusak ringan. Ruang kesenian ketrampilan rusak parah. Kursi siswa rusak ringan. Gudang rusak parah.",./1.png
125.361565,2.74706333333333,"14",SD Katolik St. Nikolaus Ondong,"40104674",Margarieth Evie Tompo,Ondong,1969/08/01,"2","1","1","5","1","5","5",,"5","2","1","3","5","5","3","4","1","6","8","9","0",,"900","5","2","1","48","32","42","36","13","7","0","0","0","0","1","0","0","0","0","0","0","0","0","0","0","0","0","0","0","0","0","0","0","0","0","0","0","0","0","0","0","0","0","0","0","0","0","0","0","0","0","0","0","0","0","0","0","0","0","0","0","0","0","0","0","0","0","0","0","0","0","0","2","0","4","0","1",Ondong,Siau Barat,DCIM/titik-sekolah_20220826103307339.jpg,DCIM/titik-sekolah_20220826103136793.jpg,DCIM/titik-sekolah_20220826103149922.jpg,"Ruang kelas atap/plafon bocor rusak sedang, plafon, dinding dan kusen jendela gudang rusak ringan. Tidak ada ruang UKS, kantin, tempat parkir, rumah dinas, tempat ibadah, ruang adm. TU.",./1.png
125.379647931399,2.74866136797243,"17",SMP Negeri 2 Siau Barat,"40104763","Jois Arianti Haribae, S.Pd",Lindongan IV_1,1967/07/01,"2","2","1","2","1","1","2",,"1","1","5","2","4","5","1","6","1","9","12","9","4",,"3500","5","3","1","125","125","95","14","14","12","0","0","0","0","1","0","0","0","0","0","1","0","0","0","0","0","0","0","0","0","0","0","1","0","0","0","1","0","1","0","0","0","0","0","1","0","0","0","0","0","1","0","0","0","0","0","1","0","0","0","0","0","1","0","0","0","0","0","1","0","0","0","0","0","2","0","2",Beong,Siau Tengah,DCIM/titik-sekolah_20220826095203952.jpg,DCIM/titik-sekolah_20220826095210063.jpg,DCIM/titik-sekolah_20220826095218791.jpg,"Kantin rusak berat, gudang ringan (pintu), kelebihan ruang kelas yg digunakan jdi ruang serbaguna, prioritas usulan perbaikan lapangan upacara",./0.png
125.39027951,2.74617734,"18",SD GMIST Pintu Elok Salili,"40104668","Anike Tampilang, S.Pd",Kampung Salili Lindongan 1 Kecamatan Siau Tengah,1956/08/26,"2","5","5","5","1","1","5",,"5","1","5","1","2","5","2","10","1","6","14","7","4",,"900","5","0","5","58","54","46","7","7","7","0","0","0","0","1","0","0","0","0","0","0","0","0","0","0","0","0","0","0","0","0","0","0","0","0","0","0","0","0","0","0","0","0","0","0","0","0","0","0","0","0","0","0","0","0","0","0","0","0","0","0","0","0","0","0","0","0","0","0","0","0","0","0","0","6","0","1",Salili,Siau Tengah,DCIM/titik-sekolah_20220826093147995.jpg,DCIM/titik-sekolah_20220826093201414.jpg,DCIM/titik-sekolah_20220826093210794.jpg,,./1.png
125.37899907,2.73970316,"19",SD GMIST Bukit Horeb Lai,"40104655","Yurit Nivixson Kuate, S.Pd",Kampung Lai Lindongan 2 Kecamatan Siau Tengah,1957/08/26,"2","5","5","5","1","1","5",,"1","1","5","1","5","1","1","8","1","6","19","7","2",,"900","5","2","1","61","57","46","6","6","6","0","0","0","0","0","0","0","0","0","0","0","0","0","0","0","0","0","0","0","0","0","0","0","0","0","0","0","0","0","0","0","0","0","0","0","0","0","0","0","0","0","0","0","0","0","0","0","0","0","0","0","0","0","0","0","0","0","0","0","0","0","0","0","0","6","0","1",Lai,Siau Tengah,DCIM/titik-sekolah_20220826112259451.jpg,DCIM/titik-sekolah_20220826104036386.jpg,DCIM/titik-sekolah_20220826104132011.jpg,,./1.png
125.382991666667,2.75659666666667,"20",SDN Dompase,"40104675",Marisa Kuera S.Pd,Dompase ,1998/09/18,"2","2","5","5","5","5","5",,"5","3","1","4","5","5","3","12","1","6","8","5","3",,"450","1","3","1","18","18","18","13","13","7","0","0","0","0","0","0","0","0","0","0","0","0","0","0","0","0","0","0","0","0","0","0","0","0","0","0","0","0","0","0","0","0","0","0","0","0","0","0","0","0","0","0","0","0","0","0","0","0","0","0","0","0","0","0","0","0","0","0","0","0","0","0","0","0","7","0","1",Dompase,Siau Tengah,DCIM/titik-sekolah_20220826091422900.jpg,DCIM/titik-sekolah_20220903105329946.jpg,DCIM/titik-sekolah_20220903105419241.jpg,"Perpus, UKS, kantin, ruang kepsek, tempat parkir tidak ada. Plafon ruang kelas rusak sedang (lapuk dan sebagian rusak), pintu dan pembatas kelas lapuk akibat rayap, WC 1 rusak berat dan gudang rusak berat.",./1.png
125.379450623847,2.7484740614971,"21",SD Gmist Maranatha Beong,"40104664","Denti F. Sagune, S.Pd",Lindongan IV,1934/08/01,"2","1","5","5","1","5","5",,"5","3","5","5","5","5","2","3","1","6","7","1","1",,"900","5","2","1","46","46","46","4","4","7","0","0","0","0","1","0","0","0","0","0","0","0","0","0","0","0","0","0","0","0","0","0","0","0","0","0","0","0","0","0","0","0","0","0","0","0","0","0","0","0","0","0","0","0","0","0","0","0","0","0","0","0","0","0","0","0","0","0","0","0","1","0","0","0","5","0","1",Beong,Siau Tengah,DCIM/titik-sekolah_20220826134209030.jpg,DCIM/titik-sekolah_20220826134226186.jpg,DCIM/titik-sekolah_20220826134241528.jpg,"Pagar keliling hanya sebagian krna kondisi lahan, gudang dan wc didalam 1 ruangan, hanya air hujan yg digunakan",./1.png
125.371226666667,2.685955,"22",SD Negeri Inpres Laghaeng,"40104677",Resni Tempone S.Pd,"Kampung Laghaeng, Lindongan 1 ",1977/05/01,"2","1","5","5","2","5","5",,"5","3","5","5","3","5","3","10","11","6","8","4","1",,"900","5","2","1","52","28","32","10","10","8","0","0","0","0","1","0","0","0","0","0","0","0","0","0","0","0","1","0","0","0","0","0","1","0","0","0","0","0","1","0","0","0","0","0","0","0","0","0","0","0","1","0","0","0","0","0","0","0","0","0","0","0","1","0","0","0","0","0","0","0","0","0","0","0","2","0","1",Laghaeng,Siau Barat Selatan,DCIM/titik-sekolah_20220828140926202.jpg,DCIM/titik-sekolah_20220828140959547.jpg,DCIM/titik-sekolah_20220828141008603.jpg,"Ruangan guru digabung dgn ruang kepsek dan ruang admin TU, untuk ruang2 kelas dibutuhkan pemeliharaan berkala, tdk adanya pagar keliling, adanya gudang darurat, wc hanya 1 yg bisa digunakan, ketersediaan lahan untuk dibangun rumah dinas guru",./1.png
125.373925,2.66982333333333,"23",SDN Inpres Batusenggo,"40104646","Frans Bawekes, S.Pd",Lindongan II tungang,1966/08/22,"2","1","1","5","3","5","1",,"5","1","5","1","5","5","1","3","1","6","9","9","1",,"900","5","2","1","41","41","41","8","16","7","0","0","0","0","1","0","0","0","0","0","0","0","0","0","0","0","0","0","0","0","0","0","0","0","0","0","0","0","0","0","0","0","0","0","0","0","0","0","0","0","0","0","0","0","0","0","0","0","0","0","0","0","1","0","0","0","0","0","0","0","0","0","0","0","5","0","1",Batusenggo,Siau Barat Selatan,DCIM/titik-sekolah_20220828142148629.jpg,DCIM/titik-sekolah_20220828142211569.jpg,DCIM/titik-sekolah_20220828142225036.jpg,,./1.png
125.37722552,2.65483582,"24",SMP Negeri 1 Siau Barat Selatan,"40104754","Bapak. Sikon H. Masoara, S.Or",Kampung Talawid Kec. Siau Barat Selatan,1977/11/16,"2","1","1","3","2","1","1",,"5","1","1","5","1","1","1","19","2","5","24","6","3",,"1300","5","2","5","85","66","85","15","15","14","0","0","0","0","2","0","0","0","0","0","2","0","0","0","0","0","2","0","0","0","0","0","1","0","0","0","0","0","1","0","0","0","0","0","1","0","0","0","0","0","3","0","0","0","0","0","1","0","0","0","0","0","0","0","0","0","0","0","0","0","0","0","0","1","0","0","2",Talawid,Siau Barat Selatan,DCIM/titik-sekolah_20220829161413871.jpg,DCIM/titik-sekolah_20220904162134351.jpg,DCIM/titik-sekolah_20220904162143391.jpg,"Ruang lab ipa tidak digunakan karna bnyak bahan-bahan kimia, lab bahasa tidak digunakan karna lantai sudah retak akibat ada akar pohon besar disamping sekolah, belum ada rumah dinas guru tapi sudah ada lahan, uks sementara dibangun, Ruang pimpinan, ruang guru, admin TU, dan gudang disiasati dari ruangan kelas",./0.png
125.37998413,2.65321287,"26",SD Gmist Senim Talawid,"4010580",Y.t ,Talawid  ,2022/08/23,"2","1","1","1","1","1","1",,"1","1","1","1","1","1","1","5","5","5","5","5","5",,"900","1","2","1","5","5","32","5","5","6","0","0","0","0","0","0","0","0","0","0","0","0","0","0","0","0","0","0","0","0","0","0","0","0","0","0","0","0","0","0","0","0","0","0","0","0","0","0","0","0","0","0","0","0","0","0","0","0","0","0","0","0","0","0","0","0","0","0","0","0","0","0","0","0","6","0","1",Talawid,Siau Barat Selatan,DCIM/titik-sekolah_20221020123859554.jpg,DCIM/titik-sekolah_20221020123914419.jpg,DCIM/titik-sekolah_20221020123846798.jpg,,./1.png
125.3655744,2.70286685,"30",SDN Inpres Peling,"40104677","Ivonne A. Dame, S.Pd",Kampung Peling lind 4,1975/08/27,"2","1","1","5","1","3","5",,"5","1","1","1","4","1","2","9","2","6","12","5","2",,"900","3","3","1","64","64","61","8","8","9","0","0","0","0","1","0","0","0","0","0","0","0","0","0","0","0","0","0","0","0","0","0","0","0","0","0","0","0","0","0","0","0","0","0","0","0","0","0","0","0","1","0","0","0","0","0","0","0","0","0","0","0","0","0","0","0","0","0","0","0","2","0","0","0","5","0","1",Peling,Siau Barat,DCIM/titik-sekolah_20220830080521610.jpg,DCIM/titik-sekolah_20220903110705987.jpg,DCIM/titik-sekolah_20220903110737892.jpg,,./1.png
125.397965,2.640915,"31",SD GMIST Kalfiare Tanaki,"40104663","Serlyatty Bidara, S.Pd",Kapeta ,1957/10/05,"2","1","1","5","4","5","5",,"5","1","1","5","1","5","4","9","1","6","8","6","1",,"1300","4","3","1","67","67","67","9","9","9","1","0","0","0","0","0","0","0","0","0","0","0","0","0","0","0","0","0","0","0","0","0","0","0","0","0","0","0","0","0","0","0","0","0","0","0","0","0","0","0","0","0","0","0","0","0","0","0","1","0","0","0","0","0","0","0","0","0","0","0","1","0","0","0","6","0","1",Kapeta,Siau Barat Selatan,DCIM/titik-sekolah_20220830142238219.jpg,DCIM/titik-sekolah_20220830142359214.jpg,DCIM/titik-sekolah_20220830142449931.jpg,"Plafon dalam dan luar kelas 3 s.d 5 bocor. Plafon perpustakaan bocor rusak berat, 25 kursi dan 15 meja siswa rusak. Dinding kelas retak terkelupas. Rumah dinas rusak berat, pagar keliling terlalu rendah. 1 unit tempat cuci tangan rusak.",./1.png
125.404705,2.63507666666667,"32",SMP n 2 satap Siau Barat Selatan,"104760",Krisman Lahansang,Tanaki ,2006/05/10,"2","1","5","1","1","5","5",,"5","1","1","5","5","5","1","8","1","3","8","3","1",,"900","5","2","1","50","50","50","11","11","12","0","0","0","0","1","0","0","0","0","0","3","0","0","0","0","0","1","0","0","0","0","0","2","0","0","0","0","0","0","0","0","0","0","0","3","0","0","0","0","0","1","0","0","0","0","0","1","0","0","0","0","0","0","0","0","0","0","0","0","0","0","0","0","0","0","0","2",Tanaki,Siau Barat Selatan,DCIM/titik-sekolah_20220830073447161.jpg,DCIM/titik-sekolah_20220830073503370.jpg,DCIM/titik-sekolah_20220830073518149.jpg,"Gudang kantin UKS dan rumah dinas tidak ada. Pagar keliling sebagian, selanjutnya semua dalam keadaan baik.",./0.png
125.407748333333,2.743165,"33",SDN Inpres Tampungan,"40104743",Akumina Kahiking,Tarorane,1979/08/22,"2","4","1","5","3","2","5",,"1","4","5","5","5","5","3","5","1","6","8","7","1",,"900","4","3","1","57","32","57","13","13","6","0","0","0","0","2","0","0","0","0","0","0","0","0","0","0","0","0","0","0","0","0","0","0","0","0","0","0","0","0","0","0","0","0","0","0","0","0","0","0","0","0","0","0","0","0","0","0","0","0","0","0","0","0","0","0","0","0","0","0","0","0","0","0","0","4","0","1",Tarorane,Siau Timur,DCIM/titik-sekolah_20220831093507700.jpg,DCIM/titik-sekolah_20220831093535676.jpg,DCIM/titik-sekolah_20220831093553502.jpg,"Plafon 4 ruang rusak berat, 6 ruang rusak berat, ruang guru rusak berat dan rumah dinas dan WC rusak berat",./1.png
125.412648333333,2.74428833333333,"34",SD Gmist Basaha,"40104690",Masye Lombo,Tatahadeng ,1967/05/22,"4","2","5","5","4","5","5",,"5","2","5","5","5","5","3","4","0","6","6","2","0",,"450","3","2","3","13","13","21","10","3","7","0","0","0","0","1","0","0","0","0","0","0","0","0","0","0","0","0","0","0","0","0","0","0","0","0","0","0","0","0","0","0","0","0","0","0","0","0","0","0","0","0","0","0","0","0","0","0","0","0","0","0","0","0","0","0","0","0","0","0","0","1","0","0","0","5","0","1",Tatahadeng,Siau Timur,DCIM/titik-sekolah_20220831102722897.jpg,DCIM/titik-sekolah_20220831102748529.jpg,DCIM/titik-sekolah_20220831102806285.jpg,"Ruang perpus rusak berat, ruang kelas plafon dan atap rusak sedang, gedung lama. UKS ruang kepala sekolah dan gudang kantin belum ada. Guru kelas kurang dan guru olahraga tidak ada",./1.png
125.421298333333,2.744645,"35",SDN Inpres Dame,"40104734",Hulda Kasese S.Th,Dame 1,1979/01/08,"2","1","5","5","2","5","5",,"5","1","5","2","5","5","1","2","0","6","6","2","1",,"2200","1","3","2","52","29","52","12","12","9","0","0","0","0","2","0","0","0","0","0","0","0","0","0","0","0","0","0","0","0","0","0","0","0","0","0","0","0","0","0","0","0","0","0","0","0","0","0","0","0","0","0","0","0","0","0","0","0","0","0","0","0","1","0","0","0","0","0","0","0","2","0","0","0","4","0","1",Dame Satu,Siau Timur,DCIM/titik-sekolah_20220831110209519.jpg,DCIM/titik-sekolah_20220831110250828.jpg,DCIM/titik-sekolah_20220831110405350.jpg,"Ruang pimpinan, UKS, gudang kantin belum ada",./1.png
125.413586666667,2.734865,"36",SD Katolik Excelsior Ulu Siau,"40104722",Selma Derek S.Pd,Tatahadeng,1947/08/01,"2","3","1","5","3","5","5",,"5","1","1","1","1","1","4","4","1","6","7","7","7",,"900","5","0","1","150","75","150","12","9","7","0","0","0","0","0","0","0","0","0","0","0","0","0","0","0","0","0","0","0","0","0","0","0","0","0","0","0","0","0","0","0","0","0","0","0","0","0","0","0","0","0","0","0","0","0","0","0","0","0","0","0","0","0","0","0","0","0","0","0","0","0","0","1","0","6","0","1",Tatahadeng,Siau Timur,DCIM/titik-sekolah_20220831113159570.jpg,DCIM/titik-sekolah_20220831114136942.jpg,DCIM/titik-sekolah_20220831114159529.jpg,"3 ruang kelas rusak berat membahayakan anak anak, ruang UKS tidak ada, kursi masih menggunakan kursi plastik, ruang guru digabung dgn ruang kepsek, ruang klas 1 kondisi rusak sedang (plafon bocor, dinding semi permanen sejak '57)",./1.png
125.413818333333,2.73254666666667,"37",SMP Katolik Santa Rosa Ulu Siau,"40104751",Antonius Nikolaus Bawengang S.Pd,Tatahadeng lingkungan 1,1957/08/01,"2","5","5","1","5","3","2",,"5","1","1","4","3","5","1","8","1","5","6","6","4",,"3500","5","3","3","132","132","132","21","21","15","0","0","0","0","1","0","0","0","0","0","1","0","0","0","0","0","2","0","0","0","0","0","1","0","0","0","0","0","1","0","0","0","0","0","1","0","0","0","0","0","2","0","0","0","0","0","1","0","0","0","0","0","2","0","0","0","0","0","1","0","1","0","0","0","1","0","2",Tatahadeng,Siau Timur,DCIM/titik-sekolah_20220831124905641.jpg,DCIM/titik-sekolah_20220831124925878.jpg,DCIM/titik-sekolah_20220831124938412.jpg,,./0.png
125.40717117,2.73243243,"38",SD GMIST ULU,"40104720",LENIY BAWOLE,Lingkungan III,1978/05/01,"2","1","1","5","2","3","5",,"5","1","5","1","5","5","2","6","0","6","10","5","2",,"1300","3","3","1","92","75","138","7","4","9","0","0","0","0","0","0","0","0","0","0","0","0","0","0","0","0","0","0","0","0","0","0","0","0","0","0","0","0","0","0","0","0","0","0","0","0","0","0","0","0","0","0","0","0","0","0","0","0","0","0","0","0","0","0","0","0","0","0","0","0","1","0","0","0","8","0","1",Tarorane,Siau Timur,DCIM/titik-sekolah_20221101132543071.jpg,DCIM/titik-sekolah_20221101132546372.jpg,DCIM/titik-sekolah_20221101132550338.jpg,"Plafon rumah dinas rusak ringan, 2 ruang kelas plafon rusak ringan",./1.png
125.41328977,2.73335998,"39",SD NEGERI TATAHADENG,"4014747",TELDA JANEKE TAMAKA,Lingkungan I,1947/07/07,"2","1","1","5","1","1","1",,"1","1","5","1","1","1","2","7","0","6","8","4","4",,"1300","2","3","1","82","57","86","9","9","7","0","0","0","0","0","0","0","0","0","0","0","0","0","0","0","0","0","0","0","0","0","0","0","0","0","0","0","0","0","0","0","0","0","0","0","0","0","0","0","0","0","0","0","0","0","0","0","0","0","0","0","0","1","0","0","0","0","0","0","0","0","0","0","0","6","0","1",Tatahadeng,Siau Timur,DCIM/titik-sekolah_20220831144525044.jpg,DCIM/titik-sekolah_20220831144559556.jpg,DCIM/titik-sekolah_20220831144617912.jpg,"WC murid hanya 1, 2 ruang klas plafon rusak ringan",./1.png
125.397583998171,2.7267725476454,"40",SD Gmist Ora Et Labora Buao,"40104694","Nurtje Wilhelmus, S.Pd","Buao, Kelurahan Akesimbeka, Lingkungan",1964/06/29,"2","1","5","5","1","5","5",,"5","2","5","5","5","5","3","5","5","6","8","4","4",,"450","5","2","1","27","20","52","13","8","6","0","0","0","0","1","0","0","0","0","0","0","0","0","0","0","0","0","0","0","0","0","0","0","0","0","0","0","0","0","0","0","0","0","0","0","0","0","0","0","0","0","0","0","0","0","0","0","0","0","0","0","0","1","0","0","0","0","0","0","0","0","0","0","0","4","0","1",Akesimbeka,Siau Timur,DCIM/titik-sekolah_20220831103148903.jpg,DCIM/titik-sekolah_20220831100727701.jpg,DCIM/titik-sekolah_20220831103132626.jpg,"1 meja 2 org, air hujan,",./1.png
125.404187883314,2.72833135796456,"41",SD Negeri Inpres Bahu,"40104636","Holly P Mananentung, S.Pd M.Pd","Kelurahan Bahu, Lingkungan II",1974/08/31,"2","1","1","5","1","5","5",,"5","3","5","5","5","5","4","7","27","6","7","5","3",,"450","1","3","1","96","96","99","14","14","9","0","0","0","0","1","0","0","0","0","0","0","0","0","0","0","0","0","0","0","0","0","0","0","0","0","0","0","0","0","0","0","0","0","0","0","0","0","0","0","0","1","0","0","0","0","0","0","0","0","0","0","0","0","0","0","0","0","0","0","0","0","0","0","0","7","0","1",Bahu,Siau Timur,DCIM/titik-sekolah_20220831105402153.jpg,DCIM/titik-sekolah_20220831105858813.jpg,DCIM/titik-sekolah_20220903110535119.jpg,"Kelas 6 rusak berat, ",./1.png
125.400002554614,2.71772684847768,"42",SD Gmist Petra Namitung,"40104715","Julfin Wilhelmus, S.Pd","Lingkungan V, Kelurahan Bahu",1998/10/01,"2","2","2","5","5","5","5",,"5","3","5","5","5","5","4","5","9","6","8","8","2",,"900","5","2","1","37","22","34","13","11","6","0","0","0","0","0","0","0","0","0","0","0","0","0","0","0","0","0","0","0","0","0","0","0","0","0","0","0","0","0","0","0","0","0","0","0","0","0","0","0","0","0","0","0","0","0","0","0","0","0","0","0","0","0","0","0","0","0","0","0","0","1","0","3","0","2","0","1",Bahu,Siau Timur,DCIM/titik-sekolah_20220831114425419.jpg,DCIM/titik-sekolah_20220831114418353.jpg,DCIM/titik-sekolah_20220831112902756.jpg,"Air hujan, kelas rusak berat,",./1.png
125.407071164779,2.73172298342205,"43",SMP Negeri 1 Siau Timur,"404104756","Alfira Reine Kakalang, S.Pd, M.Si","Jalan Lokong Banua, Kel.Tarorane",1951/07/21,"1","5","5","3","1","5","2",,"5","2","5","5","1","1","3","26","2","15","16","18","5",,"6600","5","3","1","464","464","464","55","55","32","0","0","0","0","4","0","0","0","0","0","3","0","0","0","0","0","4","0","0","0","0","0","3","0","0","0","0","0","4","0","0","0","0","0","3","0","0","0","0","0","2","1","0","0","0","0","1","0","0","0","0","0","3","0","0","0","0","0","0","0","0","0","0","0","4","0","2",Tarorane,Siau Timur,DCIM/titik-sekolah_20220831123338515.jpg,DCIM/titik-sekolah_20220831123344728.jpg,DCIM/titik-sekolah_20220831123347880.jpg,"Lab.bahasa, 4meteran 7700-900, asrama siswa",./0.png
125.399922151119,2.73789712227881,"44",SDN Inpres Bebali,"40104730","Ibu. Astin welmintje Tamaka, S.Pd",Kelurahan Bebali,1974/08/14,"3","1","1","5","3","1","5",,"5","1","5","5","1","5","1","6","1","6","8","6","7",,"900","4","2","1","87","41","87","7","7","8","0","0","0","0","0","0","0","0","0","0","0","0","0","0","0","0","0","0","0","0","0","0","0","0","0","0","0","0","0","0","0","0","0","0","0","0","0","0","0","0","0","0","0","0","0","0","0","0","0","0","0","0","0","0","0","0","0","0","0","0","1","0","0","0","7","0","1",Bebali,Siau Timur,DCIM/titik-sekolah_20220831162631257.jpg,DCIM/titik-sekolah_20220831162639623.jpg,DCIM/titik-sekolah_20220831162645266.jpg,"satu bangunan rusak berat, rumah dinas rusak berat, pagar keliling  tinggal sedikit ditambah",./1.png
125.406546117738,2.72860745899379,"45",SDN Inpres Akesimbeka,"40104727","Ibu. Yanne Rio Sasampe, S.Pd",Kelurahan Akesimbeka,1976/08/11,"1","1","3","5","4","1","4",,"5","2","5","1","1","1","3","12","8","7","25","11","12",,"2200","1","3","5","181","181","181","12","9","11","0","0","0","0","0","0","0","0","0","0","0","0","0","0","0","0","0","0","0","0","0","0","0","0","0","0","0","0","0","0","0","0","0","0","0","0","0","0","0","0","0","0","0","0","0","0","0","0","0","0","0","0","0","0","0","0","0","0","0","0","1","0","0","0","9","1","1",Akesimbeka,Siau Timur,DCIM/titik-sekolah_20220831164456179.jpg,DCIM/titik-sekolah_20220831164504035.jpg,DCIM/titik-sekolah_20220831164509022.jpg,"4 bangunan direhap pada tahun 1986 sampai sekarang belum di rehab, ruangan perpustakaan tidak digunakan karna kalau hujan air masuk, ruangan pimpinan rusak sedang",./1.png
125.451937117813,2.78308866079926,"46",SMP Negeri 4 Satap Sitim,"40104770","Wisni S Bintang, S.Pd, M.Si","Jalan Pantai Lia, Lindongan III",2006/05/08,"2","2","1","4","4","4","5",,"5","4","5","5","5","2","3","15","16","3","7","6","5",,"1300","1","3","1","55","55","57","15","15","11","0","0","0","0","1","0","0","0","0","0","1","0","0","0","0","0","1","0","0","0","0","0","2","0","0","0","0","0","1","0","0","0","0","0","2","0","0","0","0","0","1","0","0","0","0","0","0","0","0","0","0","0","1","0","0","0","0","0","0","0","0","0","0","0","1","0","2",Lia,Siau Timur,DCIM/titik-sekolah_20220901102919015.jpg,DCIM/titik-sekolah_20220901102927093.jpg,DCIM/titik-sekolah_20220901102932992.jpg,"Kekurangan meja, bangunan di bawah tdk bisa diperbaiki, gedung blm pernah direhab, air hujan, semua ruangan rusak",./0.png
125.430385,2.80397833333333,"47",SD GMIST Naryamon Nameng,"40104665","Dikwidsye Manuda, S.Pd",Nameng,1970/09/18,"2","1","5","5","1","1","5",,"5","1","1","5","1","5","3","10","1","6","10","5","2",,"1300","5","3","1","43","43","46","14","14","7","0","0","0","0","0","0","0","0","0","0","0","0","0","0","0","0","0","0","0","0","0","0","0","0","0","0","0","0","0","0","0","0","0","0","0","0","0","0","0","0","0","0","0","0","0","0","0","0","0","0","0","0","0","0","0","0","0","0","0","0","0","0","0","1","6","0","1",Nameng,Siau Barat Utara,DCIM/titik-sekolah_20220901121553201.jpg,DCIM/titik-sekolah_20220901121604850.jpg,DCIM/titik-sekolah_20220901121624964.jpg,Jam dinding 6 rusak. Pagar sekolah terlalu rendah. UKS rusak atap. Pagar sekolah terlalu rendah. 1 lemari rusak,./1.png
125.436783333333,2.796035,"48",SMP 2 Siau Timur,"40104764",Steltje Manganding S.Pd,Bukide,1963/06/10,"2","1","1","1","1","2","5",,"5","1","1","3","5","5","1","4","1","3","7","3","4",,"1300","1","2","1","83","83","83","21","21","15","0","0","0","0","2","0","0","0","0","0","1","0","0","0","0","0","2","0","0","0","0","0","1","0","0","0","0","0","3","0","0","0","0","0","1","0","0","0","0","0","2","0","0","0","0","0","0","0","0","0","0","0","1","0","0","0","0","0","0","0","0","0","0","0","2","0","2",Bukide,Siau Timur,DCIM/titik-sekolah_20220901100942130.jpg,DCIM/titik-sekolah_20220901101005291.jpg,DCIM/titik-sekolah_20220901101025421.jpg,"Instalasi rusak, ruang kelas di pakai untuk ruang guru. 1 ruang atap bocor",./0.png
125.433845,2.799465,"49",SD Gmist Moria Bukide,"40104686","Rolland F Londo, S.Pd",Bukide ,2022/09/01,"1","1","1","5","2","1","5",,"5","1","1","5","5","5","1","7","1","6","8","4","8",,"900","5","3","1","70","70","70","13","13","8","1","0","0","0","0","0","0","0","0","0","0","0","0","0","0","0","0","0","0","0","0","0","0","0","0","0","0","0","0","0","0","0","0","0","0","0","0","0","0","0","0","0","0","0","0","0","0","0","0","0","0","0","2","0","0","0","0","0","0","0","0","0","0","0","5","0","1",Bukide,Siau Timur,DCIM/titik-sekolah_20221101153218398.jpg,DCIM/titik-sekolah_20221101153222619.jpg,DCIM/titik-sekolah_20221101153225262.jpg,"Gudang belum ada, cat sudah kusam ",./1.png
125.452018193901,2.76214772835374,"50",SD Gmist Efata Ingge,"40104705","Ibu. Vanlita Tumei, S.Pd",Kampung Kanang Kecamatan Siau Timut,1959/10/13,"2","1","1","5","1","1","1",,"5","1","5","1","1","5","1","10","0","6","9","4","1",,"450","5","2","1","22","22","22","8","6","8","0","0","0","0","1","0","0","0","0","0","0","0","0","0","0","0","0","0","0","0","0","0","0","0","0","0","0","0","0","0","0","0","0","0","0","0","0","0","0","0","0","0","0","0","0","0","0","0","0","0","0","0","1","0","0","0","0","0","0","0","1","0","0","0","5","0","1",Kanang,Siau Timur,DCIM/titik-sekolah_20221005085423841.jpg,DCIM/titik-sekolah_20221005085433510.jpg,DCIM/titik-sekolah_20221005085439033.jpg,"Hampir sebagian plafon bagian depan dan samping kelas 1 sampai 6 rusak (berjamur dan lembab) kondisi sekolah dengan lahan yang terbatas, untuk bagian wc siswa dan guru tidak ada dinding atau pagar pembatas untuk bagian samping wc.",./1.png
125.445930292966,2.75592134920558,"51",SD Gmist Zaitun Kanang,"40104721",Regly Adipati,"Lindongan I, Kampung Kanang",1945/04/19,"2","1","1","5","2","5","2",,"5","2","5","2","5","1","3","10","49","6","15","8","1",,"900","5","2","1","73","63","73","13","13","6","1","0","0","0","0","0","0","0","0","0","0","0","0","0","0","0","0","0","0","0","0","0","0","0","0","0","0","0","0","0","0","0","0","0","0","0","0","0","0","0","0","0","0","0","0","0","0","0","1","0","0","0","0","0","0","0","0","0","0","0","0","0","0","0","4","0","1",Kanang,Siau Timur,DCIM/titik-sekolah_20220903110301105.jpg,DCIM/titik-sekolah_20220903110319212.jpg,DCIM/titik-sekolah_20220903110331056.jpg,"Tunggal 39 gandeng 25, jendela kelas 1,3 lapuk, pkntu rusak klas 1, ",./1.png
125.42355879,2.73747016,"52",SD Negeri Bulude,"40104726","Rohani, S.Pd",Kampung Dame Lindongan 2,1956/08/12,"2","1","1","5","2","5","5",,"5","1","5","5","5","1","2","12","1","6","10","2","9",,"450","5","0","1","49","36","57","9","9","9","0","0","0","0","1","0","0","0","0","0","0","0","0","0","0","0","0","0","0","0","0","0","0","0","0","0","0","0","0","0","0","0","0","0","0","0","0","0","0","0","0","0","0","0","0","0","0","0","0","0","0","0","0","0","0","0","0","0","0","0","1","0","0","0","7","0","1",Dame,Siau Timur,DCIM/titik-sekolah_20220902103959116.jpg,DCIM/titik-sekolah_20221031165545070.jpg,DCIM/titik-sekolah_20221031165611449.jpg,"Pagar sekolah hanya dibagian depan sedangkan samping dan bagian belakang belum ada, rekomendasi prioritas adalah rehab/perbaikan plafon bagian belakang kelas 1 sampai kelas 5 hampir semua bagian rusak (papan tripleks terangkat) dan sudah lembab. Untuk bagian samping kelas 1 dinding dapur warga menepel di dinding sekolah dan aliran air mengakibatkan dinding kelas lembabsampai berjamur.",./1.png
125.43198132,2.74668024,"53",SD GMIST Sion Karalung,"40104707",Roli Kiaking,Kampung Karalung lindongan 2,1949/02/06,"2","1","2","5","2","1","5",,"5","3","5","2","3","1","3","6","1","6","5","6","5",,"900","5","2","1","94","53","96","8","8","8","0","0","0","0","1","0","0","0","0","0","0","0","0","0","0","0","0","0","0","0","0","0","0","0","0","0","0","0","0","0","0","0","0","0","0","0","0","0","0","0","0","0","0","0","0","0","0","0","0","0","0","0","0","0","0","0","0","0","0","0","1","0","0","0","6","0","1",Karalung,Siau Timur,DCIM/titik-sekolah_20220902103321879.jpg,DCIM/titik-sekolah_20221031170615489.jpg,DCIM/titik-sekolah_20221031171018492.jpg,"Perpustakaan sekolah rusak sedang (teras dak beton pecah) plafon bagian belakanh dan samping rusak (papan tripleks sudah bocor) dan rekomendasi prioritas untuk pembangunan adalah rehab/perbaikan atap dan plafon bagian belakang sekolah juga harus menebang pohon yang tumbuh besar dibelakang sekolah karena dahan, ranting pohon yang tumbuh merusak atap sekolah hingga plafon.",./1.png
125.43652,2.79275166666667,"54",SD Negeri Apelawo,"40104703",Jowis Manahampi,Apelawo,2011/04/28,"2","1","1","5","2","5","5",,"5","3","1","5","4","1","3","3","0","6","7","7","1",,"900","5","2","1","34","34","34","20","14","7","0","0","0","0","1","0","0","0","0","0","0","0","0","0","0","0","0","0","0","0","0","0","0","0","0","0","0","0","0","0","0","0","0","0","0","0","0","0","0","0","0","0","0","0","0","0","0","0","0","0","0","0","0","0","0","0","0","0","0","0","0","0","0","0","6","0","1",Apelawo,Siau Timur,DCIM/titik-sekolah_20220902095815075.jpg,DCIM/titik-sekolah_20220902095832239.jpg,DCIM/titik-sekolah_20220902095848948.jpg,"Perpus, WC dan 3 rusak sedang . Plafon dan seng. Pagar keliling belum ada sekalian talud belakang sekolah",./1.png
125.45001,2.78289166666667,"55",SDN Lia,"40104746",Rudiwan Sahala S.Pd,Lia,2022/09/02,"2","1","5","5","1","5","5",,"5","1","5","5","5","5","1","7","0","6","7","2","1",,"1300","5","2","1","60","60","60","12","12","6","1","0","0","0","1","0","0","0","0","0","0","0","0","0","0","0","0","0","0","0","0","0","0","0","0","0","0","0","0","0","0","0","0","0","0","0","0","0","0","0","0","0","0","0","0","0","0","0","0","0","0","0","0","0","0","0","0","0","0","0","0","0","0","0","4","0","1",Lia,Siau Timur,DCIM/titik-sekolah_20220902103823075.jpg,DCIM/titik-sekolah_20220902103840644.jpg,DCIM/titik-sekolah_20220902103855527.jpg,"Pagar keliling sebagian, ruang uksa dan ruang kepala sekolah tidak ada. Kekurangan Guru ",./1.png
125.444703333333,2.78853666666667,"56",SD GMIST Golgota Deahe,"40104698","Retsmy  Kadamehang, S.Pd",Deahe,1962/09/18,"2","4","3","5","3","5","5",,"5","4","5","5","1","5","4","6","1","6","6","6","0",,"900","5","2","1","38","38","27","12","9","5","0","0","0","0","0","0","0","0","0","0","0","0","0","0","0","0","0","0","0","0","0","0","0","0","0","0","0","0","0","0","0","0","0","0","0","0","0","0","0","0","0","0","0","0","0","0","0","0","0","0","0","0","0","0","0","0","0","0","0","0","0","0","1","0","4","0","1",Deahe,Siau Timur,DCIM/titik-sekolah_20220902102441471.jpg,DCIM/titik-sekolah_20220902102536477.jpg,DCIM/titik-sekolah_20220902102616081.jpg,"3 buah lemari rusak, 2 buah jendela kelas  kaca pecah. Dinding ruang guru kepala sekolah rusak sedang (tembus air). Ruang guru banjir jika hujan. Instalasi listrik rusak. Plafon luar kelas rusak ringan (bocor). Atap/plafon ruang kelas bocor. Tehel lantai licin (bangunan sekolah tinggi) siswa mudah jatuh.",./1.png
125.445569527578,2.7509590181148,"57",SD Negeri Inpres Kanang,"40104685","Terpin Kiaking, S.Pd","Kampung Buise, Lindongan I",1976/04/01,"2","2","1","5","2","5","2",,"5","4","5","5","4","5","3","4","14","3","8","9","2",,"450","5","2","1","28","28","28","16","16","9","0","0","0","0","1","0","0","0","0","0","0","0","0","0","0","0","0","0","0","0","0","0","0","0","0","0","0","0","0","0","0","0","0","0","0","0","0","0","0","0","0","0","0","0","0","0","0","0","0","0","0","0","0","0","0","0","0","0","0","0","1","0","0","0","7","0","1",Buise,Siau Timur,DCIM/titik-sekolah_20220902093505720.jpg,DCIM/titik-sekolah_20220902093510113.jpg,DCIM/titik-sekolah_20220902093516295.jpg,"Zonasi mempengaruhi jumlah siswa, guru tinggal di perpus tdk ada rmh dinas, pemusnahan aset dijadikan rumah dinas, 3papan kapur",./1.png
125.451191589891,2.75583138991948,"58",SMP Negeri 3 Siau Timur,"40104768","Maria Pasorong, S.Pd, M.Si","Kampung Kanang, Lindongan II, Kec. Siau Timur",1978/05/02,"2","4","5","1","4","5","5",,"5","1","1","5","5","1","4","3","10","5","8","8","3",,"1300","1","2","1","57","57","47","18","18","11","0","0","0","0","1","0","0","0","0","0","1","0","0","0","0","0","0","0","0","0","0","0","1","0","0","0","0","0","1","0","0","0","0","0","2","0","0","0","0","0","2","0","0","0","0","0","0","0","0","0","0","0","1","0","0","0","0","0","1","0","0","0","0","0","1","0","2",Kanang,Siau Timur,DCIM/titik-sekolah_20220902105257403.jpg,DCIM/titik-sekolah_20220902105304255.jpg,DCIM/titik-sekolah_20220902105308204.jpg,"Pagar keliling, atap ruang guru bocor, lap bahasa rusak, jamban hanya ada 2, atap ruang kelas bocor, rumah dinas guru sementara pembangunan, perpustakaan rusak berat (prioritas)",./0.png
125.45429781,2.76525576,"59",SD GMIST IMANUEL TUMBIRA,"40104704",RINNI DIKROMO,Lindongan I,1961/10/01,"3","1","5","5","1","5","5",,"5","2","5","5","5","5","1","2","0","6","8","2","7",,"450","5","2","1","26","19","28","6","4","8","1","0","0","0","0","0","0","0","0","0","0","0","0","0","0","0","0","0","0","0","0","0","0","0","0","0","0","0","0","0","0","0","0","0","0","0","0","0","0","0","0","0","0","0","0","0","0","0","0","0","0","0","0","0","0","0","0","0","0","0","0","0","0","0","7","0","1",Kanang,Siau Timur,DCIM/titik-sekolah_20221005180346602.jpg,DCIM/titik-sekolah_20221005180528065.jpg,DCIM/titik-sekolah_20221005180621304.jpg,"WC yang ada berjumlah 2 buah, 1 rusak ringan (pintu)",./1.png
125.39132096,2.68696377,"60",SMP N 1 Siau Timur Selatan,"40104757","Horleni N. Salindeho, S.Pd",Sawang,1978/09/13,"2","1","1","1","2","1","1",,"5","3","1","2","2","1","2","11","0","9","20","2","7",,"4400","5","2","1","213","188","213","22","22","22","0","0","0","0","2","0","0","0","0","0","2","0","0","0","0","0","2","0","0","0","0","0","3","0","0","0","0","0","4","0","0","0","0","0","2","0","0","0","0","0","2","0","0","0","0","0","0","0","0","0","0","0","1","0","0","0","0","0","0","0","0","0","0","0","4","0","2",Sawang,Siau Timur Selatan,DCIM/titik-sekolah_20221027110758325.jpg,DCIM/titik-sekolah_20220907133229745.jpg,DCIM/titik-sekolah_20221027110641546.jpg,,./0.png
125.39864173159,2.70605812780559,"61",SD Gmist Elim Mala,"40104701","Sarina Mangangue, S.Pd",Kampung Mala,1954/01/01,"2","1","2","5","5","5","5",,"5","4","1","5","5","5","3","4","15","6","8","4","8",,"900","5","2","5","68","52","68","10","5","7","0","0","0","0","2","0","0","0","0","0","0","0","0","0","0","0","0","0","0","0","0","0","0","0","0","0","0","0","0","0","0","0","0","0","0","0","0","0","0","0","0","0","0","0","0","0","0","0","0","0","0","0","0","0","0","0","0","0","0","0","1","0","0","0","4","0","1",Mala,Siau Timur Selatan,DCIM/titik-sekolah_20221005123138267.jpg,DCIM/titik-sekolah_20221005123147064.jpg,DCIM/titik-sekolah_20221005123153880.jpg,"Ruang pimpinan gabung dengan ruang admin TU ruang perpus, kls 6 dan uks gabung, lapngan olahrga gabung deng lap upacara, ruang klas rusak sedang (plafon, dinding, papan tulis), ruang pimpinan plafon dan pintu rusak ringan, wc rusak berat ",./1.png
125.42005251,2.66064066,"62",SD GMIST Efrata Balirangen,"40104687","Anderes Udung, S.Pd",Lindingan 2 Kecamatan Siau Timur Selatan,2022/09/04,"3","1","5","5","4","5","5",,"5","3","5","5","5","5","2","4","0","6","6","1","5",,"900","1","2","1","52","35","52","6","6","6","0","0","0","0","0","0","0","0","0","0","0","0","0","0","0","0","0","0","0","0","0","0","0","0","0","0","0","0","0","0","0","0","0","0","0","0","0","0","0","0","0","0","0","0","0","0","0","0","0","0","0","0","1","0","0","0","0","0","0","0","0","0","0","0","5","0","1",Balirangen,Siau Timur Selatan,DCIM/titik-sekolah_20220912131908979.jpg,DCIM/titik-sekolah_20220912132008627.jpg,DCIM/titik-sekolah_20220912132208185.jpg,,./1.png
125.40642122,2.66613169,"63",SD GMIST Mutiara Kalihiang,"40104706","Norani Singale, S.Pd",Lindongan 2 ,1994/09/06,"4","1","5","5","5","5","5",,"5","2","5","5","5","5","2","5","1","7","7","6","0",,"450","5","2","1","32","22","32","3","3","7","0","0","0","0","0","0","0","0","0","0","0","0","0","0","0","0","0","0","0","0","0","0","0","0","0","0","0","0","0","0","0","0","0","0","0","0","0","0","0","0","0","0","0","0","0","0","0","0","0","0","0","0","0","0","0","0","0","0","0","0","0","0","0","1","6","0","1",Kalihiang,Siau Timur Selatan,DCIM/titik-sekolah_20221027110538051.jpg,DCIM/titik-sekolah_20220912133049499.jpg,DCIM/titik-sekolah_20221027110551135.jpg,"Kondisi lingkungan sekolah yang sempit dengan keterbatasan lahan dan sangat kekurangan ruangan khususnya perpustakaan, belum ada pagar sekolah khusunya bagian belakang karena posisi sekolah yang ada di pinggir pantai dan dekat dengan rumah warga, sehingga akses masyarakat untuk beraktifitas sangat bebas di lingkungan sekolah",./1.png
125.38422655,2.70051771,"64",SD GMIST Pangirolong,"40104717","Sultje Derek, S. Pd",Lindongan II,2010/09/21,"4","1","5","5","3","5","5",,"5","1","5","5","5","1","2","5","0","6","6","2","7",,"450","5","3","1","52","40","52","4","4","4","0","0","0","0","0","0","0","0","0","0","0","0","0","0","0","0","0","0","0","0","0","0","0","0","0","0","0","0","0","0","0","0","0","0","0","0","0","0","0","0","0","0","0","0","0","0","0","0","0","0","0","0","0","0","0","0","0","0","0","0","0","0","0","0","4","0","1",Pangirolong,Siau Timur Selatan,DCIM/titik-sekolah_20220912135110451.jpg,DCIM/titik-sekolah_20220912135901364.jpg,DCIM/titik-sekolah_20220912135946027.jpg,,./1.png
125.394059345126,2.69229294732213,"65",SD Gmist Sawang,"40104719","Ritna Lasaru, D.Pd",Kampung Binalu,1946/09/02,"2","4","4","5","4","4",,,"5","1","1","5","5","5","1","1","2","6","6","6","5",,"1300","5","3","5","12","12","103","12","6","6","0","0","0","0","0","0","0","0","0","0","0","0","0","0","0","0","0","0","0","0","0","0","0","0","0","0","0","0","0","0","0","0","0","0","0","0","0","0","0","0","0","0","0","0","0","0","0","0","0","0","0","0","0","0","0","0","0","0","0","0","2","0","0","0","4","0","1",Binalu,Siau Timur Selatan,DCIM/titik-sekolah_20221019122007542.jpg,DCIM/titik-sekolah_20221019122013286.jpg,DCIM/titik-sekolah_20221019122101116.jpg,,./1.png
125.39164124988,2.68071833532304,"66",SD Gmist Sawang Pondole,"40104633","Damaris Tamaka, S.Pd",Kampung Bandil,1976/09/15,"2","1","5","5","4","5","5",,"5","1","5","5","5","5","1","4","6","6","10","7","7",,"1300","5","2","1","73","57","55","9","7","6","0","0","0","0","0","0","0","0","0","0","0","0","0","0","0","0","0","0","0","0","0","0","0","0","0","0","0","0","0","0","0","0","0","0","0","0","0","0","0","0","0","0","0","0","0","0","0","0","0","0","0","0","0","0","0","0","0","0","0","0","1","0","0","1","4","0","1",Bandil,Siau Timur Selatan,DCIM/titik-sekolah_20221019161058750.jpg,DCIM/titik-sekolah_20221019161106088.jpg,DCIM/titik-sekolah_20221019161115954.jpg,"Ruang guru, ruang pimpinan, ruang admin TU digabung, ruang perpustakaan dan UKS digabung, wc hanya  1 yang digunakan, kegiatan olahraga dilaksanakan di pelabuhan",./1.png
125.39900793694,2.67373788636178,"67",SD Gmist Pniel Biau,"40104718","Ecklat Frietje Mangantara, S.Pd",Lindongan 1 Kampung Biau,1957/09/10,"2","1","1","5","1","5","5",,"5","4","5","5","5","5","4","1","1","6","4","4","1",,"900","1","2","5","89","56","88","12","7","6","0","0","0","0","0","0","0","0","0","0","0","0","0","0","0","0","0","0","0","0","0","0","0","0","0","0","0","0","0","0","0","0","0","0","0","0","0","0","0","0","0","0","0","0","0","0","0","0","0","0","0","0","0","0","0","0","0","0","0","0","1","0","0","1","4","0","1",Biau,Siau Timur Selatan,DCIM/titik-sekolah_20221017135542790.jpg,DCIM/titik-sekolah_20221017135553880.jpg,DCIM/titik-sekolah_20221017135558612.jpg,"Ruang guru dipakai sementara menjadi ruang belajar, perpustakaan dijadikan ruang guru dan admin TU, 2 ruang kelas rusak berat, kamar mandi rusak berat tetapi masih digunakan, lapangan olahraga dan lapangan upacara didepan rumah warga,  bangunan sekolah sejak didirikan tahun 1957 tidak pernah direhab karna itu sebagian besar bangunan sudah lapuk ",./1.png
125.362245,2.119785,"68",SMPN 1 Biaro,"40104752","Endang O.G Mulalinda, S.Pd",Lamanggo,1985/11/22,"2","1","2","2","3","2","2",,"5","2","3","1","5","1","2","5","1","4","50","0","2",,"1300","3","3","2","79","79","79","19","19","15","0","0","0","0","3","0","0","0","0","0","0","0","0","0","0","0","2","0","0","0","0","0","1","0","0","0","0","0","2","0","0","0","0","0","2","0","0","0","0","0","1","0","0","0","0","0","1","0","0","0","0","0","1","0","0","0","0","0","1","0","0","0","0","0","1","0","2",Lamanggo,Biaro,DCIM/titik-sekolah_20220908092720525.jpg,DCIM/titik-sekolah_20220908092011406.jpg,DCIM/titik-sekolah_20220908092034960.jpg,"Lab IPA kaca jendela pecah, dinding retak. Perpustakaan kusen jendela rusak, kaca pecah. Area olahraga dan lapangan upacara tergenang air. Dinding kelas retak dan atap bocor, jendela tidak ada kaca. Pintu WC rusak, atap bocor. Atap rumah dinas Kepala Sekolah bocor, rumah dinas guru kaca jendela pecah, lantai lubang",./0.png
125.361766666667,2.12466,"69",SD GMIST Yobel Lamanggo,"40104710","Djeski Bogar, S.Pd",Desa Lamanggo,1911/10/05,"2","1","1","5","1","5","1",,"5","2","1","3","5","5","4","9","1","6","7","7","1",,"1300","4","3","1","27","27","54","16","16","7","0","0","0","0","0","0","0","0","0","0","0","0","0","0","0","0","0","0","0","0","0","0","0","0","0","0","0","0","0","0","0","0","0","0","0","0","0","0","0","0","0","0","0","0","0","0","0","0","0","0","0","0","0","0","0","0","0","0","0","0","0","0","2","0","5","0","1",Lamanggo,Biaro,DCIM/titik-sekolah_20220908114450373.jpg,DCIM/titik-sekolah_20220908114520299.jpg,DCIM/titik-sekolah_20220908114543470.jpg,"Ruang kelas 1 & 3, atap dan plafon bocor. Atap dan plafon luar kelas bocor. Ruang kelas masuk air jika hujan karena tanah lebih rendah. 9 buah kursi dan meja siswa rusak. Instalasi listrik mudah korslet. Pintu WC lubang. Gudang tidak ada plafon, dinding retak. Rumah dinas guru di bangun di atas tanah penduduk.",./1.png
125.348803333333,2.09479666666667,"70",SDN Tope Buang,"40101479",Sarlota Mandagi,Tope,1978/07/15,"2","1","1","5","2","3","5",,"1","1","5","2","5","5","4","4","0","6","8","7","1",,"1300","1","0","3","16","14","21","12","12","5","0","0","0","0","0","0","0","0","0","0","0","0","0","0","0","0","0","0","0","0","0","0","0","0","0","0","0","0","0","0","0","0","0","0","0","0","0","0","0","0","0","0","0","0","0","0","0","0","0","0","0","0","0","0","0","0","0","0","0","0","1","0","2","0","2","0","1",Tope,Biaro,DCIM/titik-sekolah_20221005183726907.jpg,DCIM/titik-sekolah_20221005183803228.jpg,DCIM/titik-sekolah_20221005184242443.jpg,"2 ruang kelas rusak berat, tidak ada pagar keliling, perpus rusak, lapangan upacara dan lapangan rusak.",./1.png
125.343058333333,2.081275,"71",SD Gmist Bethel Buang,"40104692","Frince Naleng, S.Pd",Buang,1917/04/20,"2","1","5","5","1","5","5",,"5","1","1","5","5","5","1","8","0","6","8","0","1",,"900","4","0","3","24","24","32","13","13","6","0","0","0","0","0","0","0","0","0","0","0","0","0","0","0","0","0","0","0","0","0","0","0","0","0","0","0","0","0","0","0","0","0","0","0","0","0","0","0","0","0","0","0","0","0","0","0","0","0","0","0","0","3","0","0","0","0","0","0","0","0","0","0","0","3","0","1",Buang,Biaro,DCIM/titik-sekolah_20221005182916379.jpg,DCIM/titik-sekolah_20221005182938042.jpg,DCIM/titik-sekolah_20221005183020139.jpg,"Pagar keliling NDA ad, plafon luar ruangan kurang,.UKS tidak ada, ruang kepala sekolah.",./1.png
125.340448333333,2.08265166666667,"72",SD Inpres Buang,"40104748",Olviati Manuhi,Buang ,1982/09/15,"2","1","1","5","1","5","5",,"5","1","5","5","5","5","1","8","0","6","7","3","0",,"1300","1","3","3","30","30","39","13","13","7","0","0","0","0","0","2","0","0","0","0","0","0","0","0","0","0","0","0","0","0","0","0","0","0","0","0","0","0","0","0","0","0","0","0","0","0","0","0","0","0","0","0","0","0","0","0","0","0","0","0","1","0","0","0","0","0","0","0","0","0","0","0","0","0","0","4","1",Buang,Biaro,DCIM/titik-sekolah_20221005183129458.jpg,DCIM/titik-sekolah_20221005183205074.jpg,DCIM/titik-sekolah_20221005183224245.jpg,Lapangan olahraga dan lapangan upacara belum ada selanjutnya semua dalam keadaan baik.,./1.png
125.340411666667,2.08248833333333,"73",SMP Negeri Buang,"40104761","Yolanda Maitum, S.Pd",Kampung Buang,2022/09/08,"2","1","1","3","1","1","2",,"5","5","5","5","5","5","2","2","0","3","4","4","2",,"900","1","3","3","51","51","51","13","13","11","0","0","0","0","2","0","0","0","0","0","1","0","0","0","0","0","1","0","1","0","0","0","1","0","0","0","0","0","1","0","0","0","0","0","2","0","0","0","0","0","1","0","0","0","0","0","0","0","0","0","0","0","1","0","0","0","0","0","0","0","0","0","0","0","0","0","2",Buang,Biaro,DCIM/titik-sekolah_20221005183323576.jpg,DCIM/titik-sekolah_20221005183412117.jpg,DCIM/titik-sekolah_20221005183441995.jpg,"WC tidak ada, westafel tidak berfungsi, ruang lab rusak ringan. Tidak ad lapangan upacara dan olahraga",./0.png
125.387933333333,2.11158833333333,"74",SD Negeri Inpres Karungo,"40104736","Alpin Wukungsenggo, S.Pd",Desa Dalinsaheng,1981/01/15,"2","5","1","5","2","5","5",,"5","2","1","5","5","1","3","15","1","6","3","6","6",,"900","4","2","1","29","32","56","15","15","8","0","0","0","0","1","0","0","0","0","0","0","0","0","0","0","0","0","0","0","0","0","0","0","0","0","0","0","0","0","0","0","0","0","0","0","0","0","0","0","0","0","0","0","0","0","0","0","0","0","0","0","0","0","0","0","0","0","0","0","0","0","0","1","0","6","0","1",Dalinsaheng,Biaro,DCIM/titik-sekolah_20220909083717196.jpg,DCIM/titik-sekolah_20220909083730418.jpg,DCIM/titik-sekolah_20220909083754508.jpg,"1 rumah dinas guru rusak berat. 1 tempat cuci tangan rusak. Atap dan plafon kelas 2 bocor. 1 Lemari rusak. Pintu WC rusak. Perpustakaan digunakan sebagai ruang guru, plafon merembes air.",./1.png
125.397155,2.11383,"75",SD Gmist Ekklesia Karungo,"40104699","Charles Johan Tindi, S.Pd",Karungo,2022/09/09,"2","1","5","5","1","5","5",,"5","3","1","5","5","5","2","8","0","6","7","1","0",,"1300","4","2","1","46","23","46","10","10","6","0","0","0","0","1","0","0","0","0","0","0","0","0","0","0","0","0","0","0","0","0","0","0","0","0","0","0","0","0","0","0","0","0","0","0","0","0","0","0","0","0","0","0","0","0","0","0","0","0","0","0","0","0","0","0","0","0","0","0","0","0","0","0","0","5","0","1",Karungo,Biaro,DCIM/titik-sekolah_20220909082755697.jpg,DCIM/titik-sekolah_20220909082822639.jpg,DCIM/titik-sekolah_20220909082847490.jpg,"Pembangunan pagar keliling dan 3 ruang kelas sementara proses, tidak ada UKS, ruang kepala sekolah NDA ada.",./1.png
125.380939655006,2.6809135498479,"76",SD Gmist Sinai Makoa,"40104671","Hajati Singale, S.Pd",Kampung Makoa,1969/09/18,"3","2","5","5","1","5","5",,"5","3","5","5","5","5","1","1","11","6","5","1","1",,"900","1","2","1","21","23","33","6","6","4","0","0","0","0","0","0","0","0","0","0","0","0","0","0","0","0","0","0","0","0","0","0","0","0","0","0","0","0","0","0","0","0","0","0","0","0","0","0","0","0","0","0","0","0","0","0","0","0","0","0","0","0","0","0","0","0","0","0","0","0","0","0","0","0","4","0","1",Makoa,Siau Barat Selatan,DCIM/titik-sekolah_20221020122545473.jpg,DCIM/titik-sekolah_20221020122702049.jpg,DCIM/titik-sekolah_20221020122710352.jpg,"Plafon kelas 4, 2,1 bocor, pagar sekolah sebagian dan hampir rubuh, air paki air hujan, tidak ada papan nama sekolah, depan sekolah belum ada pagar,",./1.png
125.381382507287,2.34446915469641,"77",SD GMIST Nazaret Bahoi,"40104688",Batje Sarapil,Kampung Bahoi,1910/01/05,"2","5","1","5","1","5","5",,"5","1","5","5","1","1","1","6","78","6","13","8","7",,"1300","1","2","1","119","62","114","14","14","9","0","0","0","0","1","0","0","0","0","0","0","0","0","0","0","0","0","0","0","0","0","0","0","0","0","0","0","0","0","0","0","0","0","0","0","0","0","0","0","0","0","0","0","0","0","0","0","0","0","0","0","0","1","0","0","0","0","0","0","0","0","0","0","0","7","0","1",Bahoi,Tagulandang,DCIM/titik-sekolah_20220921135151969.jpg,DCIM/titik-sekolah_20221005171235742.jpg,DCIM/titik-sekolah_20221005171401580.jpg,"Pagar belum keliling, kurang ruangan, meteran 1200",./1.png
125.380681817982,2.34340790192091,"78",SMP N 1 Tagulandang,"40104758","Ros Papuko, S.Pdk",Jalan bahoi,1955/07/21,"1","3","2","3","3","5","3",,"5","4","1","4","5","1","4","20","13","14","21","17","11",,"5500","4","3","1","204","161","320","27","27","26","0","0","0","0","3","0","0","0","0","0","3","0","0","0","0","0","4","0","0","0","0","0","3","0","0","0","0","0","4","0","0","0","0","0","3","0","0","0","0","0","2","0","0","0","0","0","1","0","0","0","0","0","2","0","0","0","0","0","0","0","0","0","0","0","1","0","2",Bahoi,Tagulandang,DCIM/titik-sekolah_20220921151045999.jpg,DCIM/titik-sekolah_20220921151055876.jpg,DCIM/titik-sekolah_20220921151105760.jpg,"1 guru informatika, ada ruangan komputer, ada mess siswa, ruang aula rusak berat, smua kelas rusak berat, ruang seni rusak, meja kursi siswa banyak yg rusak (37meja untuk di ruang lab)",./0.png
125.37778003591,2.34775981226862,"79",SD Inpres Balehumara,"40104729","Piterson Pontoh, S.Pd",Lingkungan III ,1910/01/09,"1","1","1","5","1","1","5",,"5","3","5","5","5","1","2","8","6","6","8","8","6",,"900","3","2","1","96","50","96","9","9","8","0","0","0","0","1","0","0","0","0","0","0","0","0","0","0","0","0","0","0","0","0","0","0","0","0","0","0","0","0","0","0","0","0","0","0","0","0","0","0","0","0","0","0","0","0","0","0","0","0","0","0","0","0","0","0","0","0","0","0","0","0","0","0","0","7","0","1",Balehumara,Tagulandang,DCIM/titik-sekolah_20221005120818447.jpg,DCIM/titik-sekolah_20221005140151692.jpg,DCIM/titik-sekolah_20221005140158565.jpg,,./1.png
125.37853981,2.34708559,"80",SD NEGERI BUHIAS,"40104725",Cicil,Lingkungan III  ,1961/08/02,"1","1","1","5","3","1","5",,"5","2","1","1","3","1","2","14","15","7","11","11","9",,"1300","5","3","1","119","61","117","12","12","13","1","0","0","0","2","0","0","0","0","0","0","0","0","0","0","0","0","0","0","0","0","0","0","0","0","0","0","0","0","0","0","0","0","0","0","0","0","0","0","0","0","0","0","0","0","0","0","0","1","0","0","0","0","0","0","0","0","0","0","0","2","0","0","0","7","0","1",Balehumara,Tagulandang,DCIM/titik-sekolah_20220921160226632.jpg,DCIM/titik-sekolah_20220921175918879.jpg,DCIM/titik-sekolah_20220921175956807.jpg,"Plafon ruang kelas 2 bocor, perpustakaan  rusak sedang pada plafon bagian depan, pintu wc sudah rusak /tidak ada pintu",./1.png
125.383024988903,2.34013837630432,"81",SD N Inpres Bahoi,"40104728",Hesty Jacobs,Kelurahan Bahoi,1975/04/01,"2","5","1","5","3","5","1",,"5","2","5","5","5","5","2","7","29","6","10","4","2",,"900","4","2","1","80","40","80","13","13","8","0","0","0","0","1","0","0","0","0","0","0","0","0","0","0","0","0","0","0","0","0","0","0","0","0","0","0","0","0","0","0","0","0","0","0","0","0","0","0","0","0","0","0","0","0","0","0","0","0","0","0","0","0","0","0","0","0","0","0","0","0","0","0","1","6","0","1",Bahoi,Tagulandang,DCIM/titik-sekolah_20220922082805757.jpg,DCIM/titik-sekolah_20220922082609015.jpg,DCIM/titik-sekolah_20220922082643212.jpg,"Perpus persiapan mau direnovasi, kelebihan ruang kelas yg dialihfungsikan mnjdi gudang dan tmpat ibadah, ruang guru dan kepsek jadi 1, rumah dinas 4 2rusak berat ",./1.png
125.390032646698,2.33128671041717,"82",SD N Inpres Mahangiang,"40104740","Hulda Jacobus, S.Pd",Kampung Mahangiang,1975/10/01,"1","3","5","5","1","5","5",,"5","1","5","5","3","1","1","4","56","6","4","12","8",,"900","4","3","1","95","53","92","15","12","9","0","0","0","0","1","0","0","0","0","0","0","0","0","0","0","0","0","0","0","0","0","0","0","0","0","0","0","0","0","0","0","0","0","0","0","0","0","0","0","0","1","0","0","0","0","0","0","0","0","0","0","0","0","0","0","0","0","0","0","0","1","0","0","0","6","0","1",Mahangiang,Tagulandang,DCIM/titik-sekolah_20220922091137964.jpg,DCIM/titik-sekolah_20220922092231909.jpg,DCIM/titik-sekolah_20220922092411093.jpg,"Rencana pembangunan aula lantai 2 rusak berat, ruangan guru rusak sedang (plafon), 3 rudis 2bagus 1rusak berat, 1 meja 2siswa, ada lahan kosong tdinya rudis guru dibongkar lalu dipinjam ke tk pkk, prioritas pembangunan ruang guru, air dri sumir bor kampung",./1.png
125.401386234531,2.32330172362531,"83",SDN Tulusan,"40104759","Johan Raffles  Rombon, S.Pd",Kampung Tulusanj,1910/01/02,"1","1","1","5","1","5","5",,"5","4","5","5","2","5","4","9","26","6","13","3","1",,"900","4","3","1","84","45","85","28","15","6","0","0","0","0","1","0","0","0","0","0","0","0","0","0","0","0","0","0","0","0","0","0","0","0","0","0","0","0","0","0","0","0","0","0","0","0","0","0","0","0","0","0","0","0","0","0","0","0","0","0","0","0","1","0","0","0","0","0","0","0","1","0","0","0","3","0","1",Tulusan,Tagulandang,DCIM/titik-sekolah_20220922103208609.jpg,DCIM/titik-sekolah_20220922103238348.jpg,DCIM/titik-sekolah_20220922103255928.jpg,"Rudis rusak berat, klas 6 rusak berat sementra di pindahkan ke perpus, uks dignti dgn kantin, dapur kondisi rusak berat, wc rusak berat",./1.png
125.422291780505,2.31873365672391,"84",SMP N 3 Tagulandang,"40104769","Tony W. Matheos, S.Pd",Jl. Bukit Handayani Kamp. Haasi,2004/03/05,"1","3","2","1","4","1","2",,"5","1","4","2","5","5","3","4","30","6","6","7","3",,"3500","5","3","1","188","171","126","25","18","14","0","0","0","0","1","0","0","0","0","0","1","0","0","0","0","0","1","0","0","0","0","0","2","0","0","0","0","0","2","0","0","0","0","0","2","0","0","0","0","0","2","0","0","0","0","0","0","0","0","0","0","0","1","0","0","0","0","0","1","0","0","0","0","0","1","0","2",Haasi,Tagulandang,DCIM/titik-sekolah_20220922121051941.jpg,DCIM/titik-sekolah_20220922121127617.jpg,DCIM/titik-sekolah_20220922121114603.jpg,"Rudis sementara pembangunan, olahraga rusak berqt, perpus rusak berat dipindahkan ke ruang TU, TU dipindahkan ke ruang kelas digabung dgn ruang guru, punya lab komputer, jendela ruang klas rusak berat sehungga ditutup dgn plastik, kusen jendela dgn pintu lapuk, drainase tdk ada sehingga ketika hujan air masuk didlm kelas, plafon luar kelas 8 rusak",./0.png
125.422468049305,2.31899320757229,"85",SD Gmist Efrata Haasi,"40104702","Elen Tato, S.Pd",Kampung Haasi,1910/01/03,"1","1","5","5","2","5","5",,"5","2","1","3","5","1","2","7","13","6","9","6","7",,"1300","5","3","1","62","44","63","14","13","8","0","0","0","0","1","0","0","0","0","0","0","0","0","0","0","0","0","0","0","0","0","0","0","0","0","0","0","0","0","0","0","0","0","0","0","0","0","0","0","0","1","0","0","0","0","0","0","0","0","0","0","0","0","0","0","0","0","0","0","0","0","0","0","0","6","0","1",Haasi,Tagulandang,DCIM/titik-sekolah_20220922122919942.jpg,DCIM/titik-sekolah_20220922122936944.jpg,DCIM/titik-sekolah_20220922124904622.jpg,Meja kursi guru rusak,./1.png
125.38114045,2.36001137,"86",SDN INPRES LESAH RENDE,"699894","Gustini Manapi, S.Pd",Lindongan II ,2018/09/11,"4","1","5","5","5","5","5",,"5","1","5","5","5","5","1","2","1","4","3","3","3",,"1300","5","2","1","60","60","24","5","5","5","0","0","0","0","1","0","0","0","0","0","0","0","0","0","0","0","0","0","0","0","0","0","0","0","0","0","0","0","0","0","0","0","0","0","0","0","0","0","0","0","0","0","0","0","0","0","0","0","0","0","0","0","1","0","0","0","0","0","0","0","0","0","0","0","3","0","1",Lesah Rende,Tagulandang,DCIM/titik-sekolah_20220922082538863.jpg,DCIM/titik-sekolah_20220922182313571.jpg,DCIM/titik-sekolah_20220922182324880.jpg,Hanya ada 3 ruang kelas (kekurangan ruang kelas),./1.png
125.37939816,2.36250005,"87",SDN INPRES LESAH,"40104738","Lely Kawangung, S.Pd",Lindongan II  ,1983/09/20,"2","1","5","5","1","5","5",,"5","1","5","5","1","1","1","3","7","6","6","5","3",,"900","4","3","1","46","41","46","11","11","11","0","0","0","0","1","0","0","0","0","0","0","0","0","0","0","0","0","0","0","0","0","0","0","0","0","0","0","0","0","0","0","0","0","0","0","0","0","0","0","0","0","0","0","0","0","0","0","0","0","0","0","0","1","0","0","0","0","0","0","0","2","0","0","0","7","0","1",Pahiama,Tagulandang,DCIM/titik-sekolah_20220922092518823.jpg,DCIM/titik-sekolah_20221005123246876.jpg,DCIM/titik-sekolah_20221005123341558.jpg,"Tidak ada akses untuk air bersih (menampung air dari bak air kampung lesah), 2 unit Rumah dinas rusak berat dan tidak terpakai",./1.png
125.37220454,2.35984157,"88",SD GMIST SION LESAH,"40104711",Nurmintje Linoghi,Lesah ,2017/09/19,"2","1","5","5","3","2","5",,"5","2","5","5","5","5","1","9","14","6","8","4","6",,"450","5","3","1","52","43","52","8","8","8","0","0","0","0","1","0","0","0","0","0","0","0","0","0","0","0","0","0","0","0","0","0","0","0","0","0","0","0","0","0","0","0","0","0","0","0","0","0","0","0","0","0","0","0","0","0","0","0","0","0","0","0","0","0","0","0","0","0","0","0","1","0","0","0","6","0","1",Lesah,Tagulandang,DCIM/titik-sekolah_20220922101551647.jpg,DCIM/titik-sekolah_20221005115956578.jpg,DCIM/titik-sekolah_20221005120224979.jpg,"Plafon bagian depan, samping dan sebagian didalam gedung perpustakaan rusak",./1.png
125.37553289,2.36771317,"89",SMP N 5 TAGULANDANG,"40104587",Dra. Ritta V. Atimang,Pahiama lindongan 3,2006/09/11,"2","1","1","2","1","5","1",,"5","1","4","1","5","1","1","6","8","6","6","6","6",,"2200","4","2","1","106","104","106","15","15","16","0","0","0","0","2","0","0","0","0","0","1","0","0","0","0","0","2","0","0","0","0","0","1","0","0","0","0","0","2","0","0","0","0","0","3","0","0","0","0","0","2","0","0","0","0","0","0","0","0","0","0","0","1","0","0","0","0","0","0","0","0","0","0","0","2","0","2",Pahiama,Tagulandang,DCIM/titik-sekolah_20220922184245168.jpg,DCIM/titik-sekolah_20220922184409185.jpg,DCIM/titik-sekolah_20220922184445720.jpg,"Prioritas yaitu normalisasi kali yang ada di samping bangunan sekolah karna sering terjadi banjir ketika hujan, dan mengakibatkan banyak fasilitas dan sarna sekolah yang rusak",./0.png
125.379929483797,2.37286850787986,"90",SD Gmist Filadelfia Mohongsawang,"40104714","Jackson R. Laleno, S.Pd",Mohonhsawang,1942/10/05,"2","1","5","5","2","5","5",,"5","1","5","5","3","1","2","10","25","6","8","4","1",,"900","3","0","1","55","27","57","16","11","8","0","0","0","0","1","0","0","0","0","0","0","0","0","0","0","0","0","0","0","0","0","0","0","0","0","0","0","0","0","0","0","0","0","0","0","0","0","0","0","0","0","0","0","0","0","0","0","0","0","0","0","0","0","0","0","0","0","0","0","0","0","0","0","0","7","0","1",Mohongsawang,Tagulandang,DCIM/titik-sekolah_20220923082253955.jpg,DCIM/titik-sekolah_20220923084222539.jpg,DCIM/titik-sekolah_20220923084228201.jpg,"Plafon bagian blkng perpus rusak, kantin rusak sedang (hnya pakai tripleks), ",./1.png
125.385764955664,2.38001019541556,"91",SDN Inpres Mohongsawang,"40104742","Dorkas Salikode, S.Pd",Apengsala,1981/10/01,"2","1","5","5","1","1","5",,"5","1","5","2","5","1","3","3","24","6","4","7","1",,"900","3","2","1","70","39","60","16","12","8","0","0","0","0","1","0","0","0","0","0","0","0","0","0","0","0","0","0","0","0","0","0","0","0","0","0","0","0","0","0","0","0","0","0","0","0","0","0","0","0","0","0","0","0","0","0","0","0","0","0","0","0","0","0","0","0","0","0","0","0","0","0","0","0","7","0","1",Apengsala,Tagulandang,DCIM/titik-sekolah_20220923091423287.jpg,DCIM/titik-sekolah_20220923091444836.jpg,DCIM/titik-sekolah_20220923091636508.jpg,"Kelas 3 kondisi rusak berat, digunakan air de sumur, kantin di alihfungsikan jadi gudang, rudis rusak sedang kurangnya pemeliharaan, dinding klas 1 rusak ringan, posisi drainase diatas lahan sekolah dan blm smpai di hilir sehingga jika hujan air meluap",./1.png
125.383838882657,2.79963062955149,"92",SD Gmist Pniel Kawahang,"40104669","Rahel Papuas, S.Pdk",Lindongan  II,1972/08/01,"2","2","1","5","2","5","5",,"5","1","5","1","5","5","3","10","32","6","8","4","1",,"1300","5","2","1","33","36","38","12","12","6","0","0","0","0","0","0","0","0","0","0","0","0","0","0","0","0","0","0","0","0","0","0","0","0","0","0","0","0","0","0","0","0","0","0","0","0","0","0","0","0","0","0","0","0","0","0","0","0","0","0","0","0","0","0","0","0","0","0","0","0","0","0","1","0","5","0","1",Kawahang,Siau Barat Utara,DCIM/titik-sekolah_20220929095612540.jpg,DCIM/titik-sekolah_20220929095624805.jpg,DCIM/titik-sekolah_20220929095632791.jpg,"Msih menggunakan air hujan, meja/kursi panjang, rencana jangka panjang mau bangun dapur sekolah, plafon rusak (perpus, ruang guru, klas 1 2), ruang kepsek dan gudang menggunakan bangunan TK",./1.png
125.37462780039,2.7933099118053,"93",SMP Negeri 1 Siau Barat Utara,"40104755","Katrina Gandaria, S.Pd","Jalan Soa, Kampung Kiawang",1979/09/03,"2","1","1","2","1","1","1",,"5","1","5","1","2","5","2","10","8","8","9","4","3",,"1300","1","3","1","44","46","66","16","16","10","0","0","0","0","2","0","0","0","0","0","0","0","0","0","0","0","1","0","0","0","0","0","1","0","0","0","0","0","1","0","0","0","0","0","2","0","0","0","0","0","1","0","0","0","0","0","1","0","0","0","0","0","1","0","0","0","0","0","0","0","0","0","0","0","0","0","2",Kiawang,Siau Barat Utara,DCIM/titik-sekolah_20220929114700080.jpg,DCIM/titik-sekolah_20220929114711444.jpg,DCIM/titik-sekolah_20220929114717062.jpg,"Ruang lab komputer rencana mau direhab, rumah dinas guru sementara di bangun, bak penampung air rusa (air hujan), meja kursi bnyak rusak, plafon rusak (tatausaha - ruang huru ) dak tahun depan mau di rehab, 2ruangan rusak sedang (tidak dirawat), ",./0.png
125.374725758491,2.79290498003248,"94",SD Gmist Antiokhia Kiawang,"40104656","Stevi Tatengkeng, S.Pd",Lindongan I       ,1979/08/01,"3","2","2","5","1","1","5",,"5","1","5","5","5","5","1","10","12","6","13","9","2",,"450","5","3","1","43","36","43","13","12","8","0","0","0","0","0","0","0","0","0","0","0","0","0","0","0","0","0","0","0","0","0","0","0","0","0","0","0","0","0","0","0","0","0","0","0","0","0","0","0","0","0","0","0","0","0","0","0","0","0","0","0","0","1","0","0","0","0","0","0","0","0","0","0","0","7","0","1",Kiawang,Siau Barat Utara,DCIM/titik-sekolah_20221101124514240.jpg,DCIM/titik-sekolah_20221101124527455.jpg,DCIM/titik-sekolah_20221101124531317.jpg,"Perpus gabung dgn uks, plafon rusak dari ruang guru,klas5,4, kaca jendela klas 3 picah, msh mnggunakan air hujan",./1.png
125.406198333333,2.81025333333333,"95",SD GMIST EPPATA Batubulan,"40104657","Jafton Kendung, A.Ma.Pd",Kampung Batubulan,1910/07/04,"2","1","5","5","2","5","5",,"5","3","5","5","5","5","1","4","2","6","10","4","6",,"900","1","2","5","1","32","29","13","12","4","0","0","0","0","0","0","0","0","0","0","0","0","0","0","0","0","0","0","0","0","0","0","0","0","0","0","0","0","0","0","0","0","0","0","1","0","0","0","0","0","0","0","0","0","0","0","0","0","0","0","0","0","0","0","0","0","0","0","0","0","0","0","0","0","3","0","1",Batubulan,Siau Barat Utara,DCIM/titik-sekolah_20220929100750098.jpg,DCIM/titik-sekolah_20220929100820343.jpg,DCIM/titik-sekolah_20220929100904009.jpg,Rumah dinas guru baru selesai dibangun. Kebutuhan air dati hujan. Kepsek tinggal di mahuneni. Tiap hari 70km jarak tempuh pulang pergi. Permintaan dibuatkan meja siswa 1 meja utk 1 siswa,./1.png
125.388311666667,2.803775,"96",SD GMIST Nazaret Niabangeng,"40104667","Ratni Balau, S.Pd",Kampung Kawahang,1962/09/04,"2","1","5","5","1","3","5",,"5","2","5","5","5","5","1","5","15","6","10","7","8",,"1300","3","2","1","21","17","25","14","12","6","0","0","0","0","0","0","0","0","0","0","0","0","0","0","0","0","0","0","0","0","0","0","0","0","0","0","0","0","0","0","0","0","0","0","0","0","0","0","0","0","0","0","0","0","0","0","0","0","0","0","0","0","0","0","0","0","0","0","0","0","0","0","0","0","6","0","1",Kawahang,Siau Barat Utara,DCIM/titik-sekolah_20220929112256741.jpg,DCIM/titik-sekolah_20220929112321284.jpg,DCIM/titik-sekolah_20220929112341025.jpg,Rumah dinas kondisi rusak sedang. Ruang guru rusak ringan. Ruang guru masih bangunan lama yg terbuat dari kayu,./1.png
125.371720140368,2.77902888431471,"97",SD Gmist Galilea Kinali,"40104661","Rusjansen Riangkamang, S.Pd",Lindongan satu,1955/01/01,"2","2","5","5","1","5","5",,"5","1","1","5","5","5","1","8","25","6","9","4","6",,"900","5","0","5","41","35","33","17","12","4","0","0","0","0","0","0","0","0","0","0","0","0","0","0","0","0","0","0","0","0","0","0","0","0","0","0","0","0","0","0","0","0","0","0","0","0","0","0","0","0","0","0","0","0","0","0","0","0","0","0","0","0","0","0","0","0","0","0","0","0","0","0","0","0","4","0","1",Kinali,Siau Barat Utara,DCIM/titik-sekolah_20220930080557186.jpg,DCIM/titik-sekolah_20220930080644972.jpg,DCIM/titik-sekolah_20220930080701191.jpg,"Uks gabung dengan ruang guru, plafon ruang guru rusak ringan, terdapat ruang komputer di lantai 2, kelas 2 dan 4 disekat",./1.png
125.373330439198,2.78407410659865,"98",SD Gmist Eirene Hiung,"40104659","Sandra Ivonne Piter, S.Pd",Lingdongan 2,1958/11/01,"2","1","5","5","4","5","5",,"5","1","5","5","5","5","3","8","11","6","8","5","1",,"900","5","2","1","33","31","30","15","14","4","0","0","0","0","0","0","0","0","0","0","0","0","0","0","0","0","0","0","0","0","0","0","0","0","0","0","0","0","0","0","0","0","0","0","0","0","0","0","0","0","0","0","0","0","0","0","0","0","0","0","0","0","0","0","0","0","0","0","0","0","0","0","0","0","4","0","1",Hiung,Siau Barat Utara,DCIM/titik-sekolah_20220930085506569.jpg,DCIM/titik-sekolah_20220930085547697.jpg,DCIM/titik-sekolah_20220930085613432.jpg,"Ada guru tk yg diperbantukan untuk SD, perpus rusak berat klau hujan terendam air, plafon bocor, plafon belkang kelas rusak, plafon dpn dan samping klas 2 rusak, belakang sekolah dibangun pondasi tinggi 1m, ruang kelas 4 dan 5 konstruksi lantai 2 dan terletak di luar area sekolah,",./1.png
125.37231299312,2.77115554714947,"99",SD Negeri Inpres Lehi-Mini,"40104684","Susye Takalalumang, S.Pd.k",Lindonga 1,1977/07/01,"2","1","5","5","1","5","5",,"5","1","5","5","5","5","3","6","14","6","4","10","3",,"450","5","0","1","45","37","42","12","12","7","0","0","0","0","1","0","0","0","0","0","0","0","0","0","0","0","0","0","0","0","0","0","0","0","0","0","0","0","0","0","0","0","0","0","0","0","0","0","0","0","0","0","0","0","0","0","0","0","0","0","0","0","0","0","0","0","0","0","0","0","0","0","0","0","6","0","1",Mini,Siau Barat Utara,DCIM/titik-sekolah_20220930094430429.jpg,DCIM/titik-sekolah_20220930094447210.jpg,DCIM/titik-sekolah_20220930094632226.jpg,"Ruang kelas 3 rusak berat diakibatkan pohon tumbang dan menimpah atap sekolah, ruang kelas 6 rusak berat plafon  rusak, talang air bocor, tidak ada pagar keseluruhan, untuk keamanan ruang kelas 6 dialihkan ke perpustakaan, ruang guru, ruang pimpinan, dan admin TU digabung ",./1.png
125.371163267691,2.76906077797664,"100",SMP Negeri 2 Satap Siau Barat Utara,"40104762","Neltje Areros, S.Pd,M.Pd",Lindongan  I,2006/10/01,"2","1","1","1","5","5","4",,"5","1","5","5","5","5","1","5","7","3","5","10","1",,"3500","5","0","1","58","58","58","18","15","10","0","0","0","1","1","0","0","0","0","0","0","0","0","0","0","0","1","0","0","0","0","0","1","0","0","0","0","0","2","0","0","0","0","0","1","0","0","0","2","0","0","0","0","0","0","0","0","0","0","0","0","0","1","0","0","0","0","0","0","0","0","0","0","0","0","0","2",Mini,Siau Barat Utara,DCIM/titik-sekolah_20220930102722713.jpg,DCIM/titik-sekolah_20220930102736069.jpg,DCIM/titik-sekolah_20220930102756469.jpg,"Lab ipa, perpustakaan, uks dan ruang osis digabung jadi satu, memiliki lab komputer, bagian blakang sekolah sangat curam dan perlu dibuat pagar pengaman, ruang tata usaha rusak berat, ",./0.png
125.37821225,2.78030241,"101",SD Inpres Winangun,"40104637","Bobby Eikman Kakomole, S.Pd",Lindongan I Kec. SIBARUT,1986/01/01,"2","1","5","5","2","5","5",,"5","3","5","3","5","5","4","7","7","6","8","1","7",,"900","1","2","1","20","20","20","13","13","6","0","0","0","0","1","0","0","0","0","0","0","0","0","0","0","0","0","0","0","0","0","0","0","0","0","0","0","0","0","0","0","0","0","0","0","0","0","0","0","0","0","0","0","0","0","0","0","0","0","0","0","0","0","0","0","0","0","0","0","0","0","0","0","0","5","0","1",Winangun,Siau Barat Utara,DCIM/titik-sekolah_20220930113830703.jpg,DCIM/titik-sekolah_20220930133031156.jpg,DCIM/titik-sekolah_20220930133200116.jpg,"Wc siswa rusak, dinding perpustakaan retak, plafon kelas4 rusak, bangunan lantai 2 dinding dan lantai menggunakan papan, pagar sekolah hanya di bagian depan, menggunakan air hujan",./1.png
125.46214697719,2.66314946096641,"102",SD GMIST Kuluhe Tapile,"40104635","-",Lindongan IV ,2022/10/03,"4","5","5","5","5","5","5",,"5","1","5","5","5","5","1","3","5","7","8","0","2",,"450","5","1","5","16","19","18","2","2","2","0","0","0","0","0","0","0","0","0","0","0","0","0","0","0","0","0","0","0","0","0","0","0","0","0","0","0","0","0","0","0","0","0","0","0","0","0","0","0","0","0","0","0","0","0","0","0","0","0","0","0","0","0","0","0","0","0","0","0","0","0","0","0","0","2","0","1",Tapile,Siau Timur Selatan,DCIM/titik-sekolah_20221003073933842.jpg,DCIM/titik-sekolah_20221003073945086.jpg,DCIM/titik-sekolah_20221003074016370.jpg,"Ruang kelas hanya 2, 1guru magang mengajar agama, 1ruang serbaguna, meteran tdk ada pakai genset, sebagian msh menggunakan meja kursi panjang",./1.png
125.463461593423,2.64829471092261,"103",SD GMIST Ichtus Tapile,"40104634","Lotje Darome, S.Pd",Lindongan I ,1887/01/01,"3","5","1","5","5","5","5",,"5","1","5","5","5","5","2","5","4","4","4","0","2",,"450","4","0","1","17","17","11","7","7","4","0","0","0","0","0","0","0","0","0","0","0","0","0","0","0","0","0","0","0","0","0","0","0","0","0","0","0","0","0","0","0","0","0","0","0","0","0","0","0","0","0","0","0","0","0","0","0","0","0","0","0","0","0","0","0","0","0","0","0","0","1","0","0","0","3","0","1",Tapile,Siau Timur Selatan,DCIM/titik-sekolah_20221003085010486.jpg,DCIM/titik-sekolah_20221003085118246.jpg,DCIM/titik-sekolah_20221003085150428.jpg,"Tdk ada listrik, plafon rusak, air hujan, rudis guru rusak",./1.png
125.452477625817,2.64181313592385,"104",SD GMIST Petra Maniuba,"40104713","Siani Avianti Harimisa, S.Pd",Lindongan III  ,1962/07/01,"2","4","5","5","4","5","5",,"5","3","5","5","5","5","4","2","0","2","6","4","1",,"450","1","0","1","17","13","11","5","2","3","0","0","0","0","0","0","0","0","0","0","0","0","0","0","0","0","0","0","0","0","0","0","0","0","0","0","0","0","0","0","0","0","0","0","0","0","0","0","0","0","0","0","0","0","0","0","0","0","0","0","0","0","0","0","0","0","0","0","0","0","0","0","0","0","3","0","1",Pahepa,Siau Timur Selatan,DCIM/titik-sekolah_20221003093540331.jpg,DCIM/titik-sekolah_20221003093555146.jpg,DCIM/titik-sekolah_20221003093737923.jpg,"Plafon rusak, genset, meja kursi guru hanya ada di ruang guru klau di kelas menggunakan meja siswa, lapangan bagus hanya saat panas klau hujan terendam, ",./1.png
125.451339223534,2.6454100773317,"105",SD GMIST Hagetter Pahepa,"40104716","Leku Nur Janis, S.Pdk",Lindongan I  ,1970/10/01,"2","5","5","5","3","5","5",,"5","3","5","5","5","5","4","8","6","5","3","6","3",,"450","1","0","1","31","29","30","14","12","5","0","0","0","0","0","0","0","0","0","0","0","0","0","0","0","0","0","0","0","0","0","0","0","0","0","0","0","0","0","0","0","0","0","0","0","0","0","0","0","0","0","0","0","0","0","0","0","0","0","0","0","0","0","0","0","0","0","0","0","0","3","0","0","0","2","0","1",Pahepa,Siau Timur Selatan,DCIM/titik-sekolah_20221003102849515.jpg,DCIM/titik-sekolah_20221003102907893.jpg,DCIM/titik-sekolah_20221003103005171.jpg,"Rudis bangunan tdk layak, bnyak plafon ruangan yg rusak, air hujan, lampu generator",./1.png
125.448371034837,2.6814770660468,"106",SMP Negeri 2 Siau Timur Selatan,"40104765",Dra. Petronella Mare,Lindongan I      ,2000/07/01,"2","2","1","4","4","5","3",,"5","3","3","1","5","5","1","6","3","5","2","5","4",,"450","1","0","4","65","64","57","16","12","12","0","0","0","0","1","0","0","0","0","0","1","0","0","0","0","0","2","0","0","0","0","0","1","0","0","0","0","0","1","0","0","0","0","0","2","0","0","0","0","0","1","0","0","0","0","0","1","0","0","0","0","0","1","0","0","0","0","0","0","0","0","0","0","0","1","0","2",Buhias,Siau Timur Selatan,DCIM/titik-sekolah_20221003120233567.jpg,DCIM/titik-sekolah_20221003120310148.jpg,DCIM/titik-sekolah_20221003124415900.jpg,"Generator, sanitasi air hujan, plafon ruang guru rusak, lapangan kalau hujan tergenang, lap kom rusak sedang, 5mess guru 1 rudis kepsek (4 mess rusak terkena banjjr)",./0.png
125.449535720619,2.67985756003224,"107",SD Negeri Inpres Buhias,"40104732","Nuspin Lansehang, S.Pd",Lindongan I    ,1982/01/01,"2","4","1","5","1","2","5",,"5","4","5","2","1","5","3","7","18","6","5","9","0",,"450","1","0","4","70","63","75","10","10","6","0","0","0","0","0","0","0","0","0","0","0","0","0","0","0","0","0","0","0","0","0","0","0","0","0","0","0","0","0","0","0","0","0","0","0","0","0","0","0","0","0","0","0","0","0","0","0","0","0","0","0","0","0","0","0","0","0","0","0","0","0","0","0","0","6","0","1",Buhias,Siau Timur Selatan,DCIM/titik-sekolah_20221003125736812.jpg,DCIM/titik-sekolah_20221003125752617.jpg,DCIM/titik-sekolah_20221003125900252.jpg,"Generator, kondisi lapangan : ruang guru rusak berat plafon dan atap. Perpustakaan plafon bocor, ",./1.png
125.460236365039,2.68804044636979,"108",SD GMIST Buhias,"40104696","Franky P. Harilama, S.Pd","Lindongan IV, kampung bunakeng",1971/01/01,"3","4","4","5","5","5","5",,"5","4","5","5","5","5","4","4","6","5","5","4","1",,"450","2","0","5","57","42","14","9","4","1","0","0","0","0","0","0","0","0","0","0","0","0","0","0","0","0","0","0","0","0","0","0","0","0","0","0","0","0","0","0","0","0","0","0","0","0","0","0","0","0","0","0","0","0","0","0","0","0","0","0","0","0","0","0","0","0","0","0","0","0","0","0","0","0","1","0","1",Buhias,Siau Timur Selatan,DCIM/titik-sekolah_20221003153345558.jpg,DCIM/titik-sekolah_20221003153353502.jpg,DCIM/titik-sekolah_20221003153410804.jpg,"Atap sekolah rusak (papan lapuk, seng bocor), 4ruangan (1yg msh aman), hanya menggunakan generator, air hujan, kondisi sekolah sdh tdk aman",./1.png
125.460586968139,2.34448573399602,"109",SMP Negeri 2 Tagulandang,"40104766","Diane Conny Anthonie, S.Pdk",Lindongan 1 ,1984/11/21,"1","4","4","4","4","5","4",,"5","2","5","4","5","1","4","4","16","4","1","0","1",,"1300","2","2","1","96","108","75","20","18","15","0","0","0","0","1","0","0","0","0","0","1","0","0","0","0","0","1","0","0","0","0","0","1","0","0","0","0","0","2","0","0","0","0","0","2","0","0","0","0","0","3","0","0","0","0","0","1","0","0","0","0","0","1","0","0","0","0","0","1","0","0","0","0","0","1","0","2",Buha,Tagulandang Selatan,DCIM/titik-sekolah_20221012092822253.jpg,DCIM/titik-sekolah_20221012094252620.jpg,DCIM/titik-sekolah_20221012100154869.jpg,"1 guru lainnya (tik), aula sekolah rusak berat(plafon bocor, air masuk dari cela2 bagunan), 2 ruang kelas 9 rusak berat (posisi bangunan sdh menurun), lab bahasa digabung dgn lab komputer (rusak sedang plafon bocor, komputer sdh tdk terpakai), pagar beton di belakang ruang guru sampai di lab ipa miring, meja kursi guru menggunakan siswa pnya",./0.png
125.444183120447,2.37059431326284,"110",SMP Negeri 2 Satap Tagulandang Selatan,"40104831","Hanna CH Tamaka, S.Pd",Lindongan II     ,2010/02/10,"2","5","1","3","1","5","2",,"5","5","5","1","5","5","2","4","10","4","3","8","1",,"900","5","0","5","72","62","64","13","13","11","0","0","0","0","0","0","0","0","0","0","1","0","0","0","0","0","0","0","0","0","0","0","1","0","0","0","0","0","1","0","0","0","0","0","0","0","0","0","0","0","2","0","0","0","0","0","0","0","0","0","0","0","1","0","0","0","0","0","0","0","0","0","0","0","5","0","2",Batumawira,Tagulandang Selatan,DCIM/titik-sekolah_20221012114606224.jpg,DCIM/titik-sekolah_20221012115453104.jpg,DCIM/titik-sekolah_20221012115511049.jpg,"Sekolah keterbatasan lahan, lapangan upacara dan olahraga menggunakan lahan dri kampung batu mawira, tempat tinggal guru2 jauh dri sekolah, wc hnya ada di dlm ruangan kepsek, ruang guru menggunakan ruang kelas baru, ruang guru lama disekat menjadi ruang uks dan gudang, lap ipa jarang digunakan (plafon rusak berat), tdk ada pagar",./0.png
125.444154667452,2.3707359590802,"111",SD Negeri Inpres Bulangan,"40104733","Irwan Sarenusa, S.Pd",Lindongan II    ,1979/09/01,"2","4","5","5","1","5","5",,"5","1","5","5","5","5","2","6","9","6","6","6","3",,"900","1","2","1","45","35","43","14","14","8","0","0","0","0","1","0","0","0","0","0","0","0","0","0","0","0","0","0","0","0","0","0","0","0","0","0","0","0","0","0","0","0","0","0","0","0","0","0","0","0","0","0","0","0","0","0","0","0","0","0","0","0","1","0","0","0","0","0","0","0","0","0","0","0","6","0","1",Batumawira,Tagulandang Selatan,DCIM/titik-sekolah_20221012122636451.jpg,DCIM/titik-sekolah_20221012123434489.jpg,DCIM/titik-sekolah_20221012123955611.jpg,"Wc siswa rusak berat tdk dpt digunakan lgi, 2 rudis (1rudis kepsek rusak berat krna papan sdh lapuk smua, 1rudis guru baru dibangun thun 2021), bagian dlm ruang kelas 1 plafon rusak, plafon luar kelas rusak, plafon ruang guru rusak berat dan seng ruang guru rusak, air dri pamsimas kampung",./1.png
125.458269956921,2.34200729119578,"112",SD Inpres BuhaKiama,"40104731","Mince Hamida Lahope, S.Pd",Lindongan I   ,1979/09/02,"1","1","5","5","2","5","5",,"5","1","5","2","2","1","2","2","13","6","4","7","2",,"1300","5","2","1","46","29","47","16","21","10","0","0","0","0","2","0","0","0","0","0","0","0","0","0","0","0","0","0","0","0","0","0","0","0","0","0","0","0","0","0","0","0","0","0","0","0","0","0","0","0","0","0","0","0","0","0","0","0","0","0","0","0","1","0","0","0","0","0","0","0","0","0","0","0","7","0","1",Bira Kiama,Tagulandang Selatan,DCIM/titik-sekolah_20221012133940024.jpg,DCIM/titik-sekolah_20221012134307557.jpg,DCIM/titik-sekolah_20221012134325664.jpg,"Sementara pembangunan lab komputer, 1 bangunan yg dibangun dari sisa dana tpi tdk terpakai lgi, ",./1.png
125.344334683996,2.30456517371304,"113",SD Patmos Laingpatehi,"40104709","Iman Suryawan Leohang, S.Pd",Lindongan I     ,1966/10/05,"3","2","5","5","5","5","5",,"5","2","5","5","5","5","2","1","11","6","6","5","5",,"450","4","0","1","30","30","34","14","10","6","0","0","0","0","0","0","0","0","0","0","0","0","0","0","0","0","0","0","0","0","0","0","0","0","0","0","0","0","0","0","0","0","0","0","0","0","0","0","0","0","0","0","0","0","0","0","0","0","0","0","0","0","0","0","0","0","0","0","0","0","0","0","0","0","6","0","1",Laingpatehi,Tagulandang,DCIM/titik-sekolah_20221013074900217.jpg,DCIM/titik-sekolah_20221013075006472.jpg,DCIM/titik-sekolah_20221013075127907.jpg,"Menggunakan generator, perpustakaan dijadikan ruang guru dan ruang kepsek, ruang guru dijadikan tempat pertemuan, kebutuhan air minta dri tetangga, ",./1.png
125.353193517849,2.31744780797828,"114",SDN Inpres Laingpatehi,"40104737","Paulus Makakombo, S.Pd",Lindongan II   ,1977/10/01,"2","2","5","5","1","5","5",,"5","1","5","5","5","5","3","5","12","6","4","5","2",,"450","1","2","1","26","24","23","13","10","3","0","0","0","0","0","0","0","0","0","0","0","0","0","0","0","0","0","0","0","0","0","0","0","0","0","0","0","0","0","0","0","0","0","0","0","0","0","0","0","0","0","0","0","0","0","0","0","0","0","0","0","0","0","0","0","0","0","0","0","0","0","0","0","0","3","0","1",Pumpente,Tagulandang,DCIM/titik-sekolah_20221013092259898.jpg,DCIM/titik-sekolah_20221013092303580.jpg,DCIM/titik-sekolah_20221013093114999.jpg,"2 Rumah dinas guru 1 smntara dlm pembangunan & jarak rudis ke sekolah jauh, jumlah guru yg mengajar hanya 3 (2thun dpn pensiun), menggunakan air hujan, menggunakan generator, perpustakaan digabung dgn UKS. Kepsek dan 1 guru  pensiun tahun depan. Sisa 2 sitaro mengajar",./1.png
125.345600915011,2.30284697122971,"115",SMPN 4 Tagulandang,"40104772","Otniel Bawole, S.Pd",Lindongan III   ,2005/07/29,"2","4","4","3","4","1","5",,"5","3","5","5","5","5","1","3","14","3","2","3","1",,"450","1","2","1","34","34","34","13","13","8","0","0","0","1","0","0","0","0","0","0","1","0","0","0","0","0","1","0","0","0","0","1","0","0","0","0","0","0","1","0","0","0","0","0","1","0","0","0","0","0","1","0","0","0","0","0","0","0","0","0","0","0","1","0","0","0","0","0","0","0","0","0","0","0","0","0","2",Laingpatehi,Tagulandang,DCIM/titik-sekolah_20221013095629862.jpg,DCIM/titik-sekolah_20221013095320414.jpg,DCIM/titik-sekolah_20221013105831162.jpg,"Uks smntara dlm pembangunan, plafon rusak di perpus, ruang guru, lab bahasa, lap ipa, ruang kepsek. Untuk lab ipa digunakan smntara untuk ruang guru. untuk ruang kelas masih bagus, wc yg rusak hnya bgian pintu, mnggunkan air hujan, menggunakn generator, aula rusak",./0.png
125.460846485415,2.34700480130682,"116",SD Gmist Agape Buha,"40104695","Linda Amelia Muatan, S.Pdk",Lindongan I         ,1990/09/25,"2","5","5","5","1","5","5",,"5","2","5","3","5","5","2","6","11","6","7","9","2",,"3500","5","0","5","47","47","47","14","14","8","0","0","0","0","1","0","0","0","0","0","0","0","0","0","0","0","0","0","0","0","0","0","0","0","0","0","0","0","0","0","0","0","0","0","0","0","0","0","0","0","0","0","0","0","0","0","0","0","0","0","0","0","0","0","0","0","0","0","0","0","0","0","0","1","6","0","1",Buha,Tagulandang Selatan,DCIM/titik-sekolah_20221014093518928.jpg,DCIM/titik-sekolah_20221014093522963.jpg,DCIM/titik-sekolah_20221014094737339.jpg,"Sumber air dri mata air, keterbatasan lahan, 1 wc tdk terpakai karna bak bocor, klas 6 plafon bocor, klas 3 plafon bocor, perpus lantai 2 dialihfungsikan jdi kelas 5, 1 ruang kelas di jadikan r.guru, r.kepsek, TU",./1.png
125.454216807368,2.33450606480761,"117",SD Negeri Bira,"40104723","Hesni Dalending, S.Pd",Lindongan III    ,1978/07/30,"2","5","5","5","4","5","5",,"5","3","5","5","5","5","3","5","12","6","3","9","1",,"1300","4","2","1","51","42","45","16","16","8","0","0","0","0","1","0","0","0","0","0","0","0","0","0","0","0","0","0","0","0","0","0","0","0","0","0","0","0","0","0","0","0","0","0","0","0","0","0","0","0","0","0","0","0","0","0","0","0","0","0","0","0","1","0","0","0","0","0","0","0","0","0","0","0","6","0","1",Birarikei,Tagulandang Selatan,DCIM/titik-sekolah_20221014103235255.jpg,DCIM/titik-sekolah_20221014103239794.jpg,DCIM/titik-sekolah_20221014104149084.jpg,"Pondasi ruang perpus retak krna posisi tanah turun, atap perpus rusak, 2 rudis 1 sdh jdi paud yg 1 rusak berat, 4 wc 2 wc lama sdh tdk terpakai, 2 yg baru dri pamsimas, dinding klas 6 retak, untuk ruang klas smntra persiapan pemeliharaan ulang,",./1.png
125.438091478249,2.31809771541285,"118",SD Gmist Baitani Kisihang,"40104708","Jety Lael Hamel, S.Pd.SD",Lindongan III     ,1942/10/06,"2","1","5","5","1","3","5",,"5","2","5","5","5","1","1","8","51","6","10","12","8",,"900","3","3","1","144","74","146","14","12","7","0","0","0","0","1","0","0","0","0","0","0","0","0","0","0","0","0","0","0","0","0","0","0","0","0","0","0","0","0","0","0","0","0","0","0","0","0","0","0","0","0","0","0","0","0","0","0","0","0","0","0","0","0","0","0","0","0","0","0","0","0","0","0","0","6","0","1",Kisihang,Tagulandang Selatan,DCIM/titik-sekolah_20221014113247148.jpg,DCIM/titik-sekolah_20221014113834272.jpg,DCIM/titik-sekolah_20221014114325435.jpg,"Perpus dibangun dri dana kampung, ruang kelas msh keadaan bagus, uks, rudis plafon rusak bocor, pintu wc rusak",./1.png
125.426181639201,2.31799414477403,"119",SDN Inpres Haasi Humbia,"40104735","Misye Muloke, S.Pd",Lindongan I        ,1978/01/01,"2","5","2","5","2","5","5",,"1","2","5","5","5","5","2","6","21","6","12","6","4",,"1300","4","2","1","70","43","67","14","14","7","0","0","0","0","1","0","0","0","0","0","0","0","0","0","0","0","0","0","0","0","0","0","0","0","0","0","0","0","0","0","0","0","0","0","0","0","0","0","0","0","0","0","0","0","0","0","0","0","0","0","0","0","0","0","0","0","0","0","0","0","0","0","0","0","6","0","1",Humbia,Tagulandang Selatan,DCIM/titik-sekolah_20221014123120613.jpg,DCIM/titik-sekolah_20221014123315857.jpg,DCIM/titik-sekolah_20221014124308359.jpg,"R.aula dijadikan r.guru, untuk ruang kelas msh bgus cmn di dinding kelas terkelupas krna lembab & butuh pemeliharaan berkala, wc siswa plafon rusak dan tdk ada pintu,wc guru hnya plafon b.luar yg rusak, perpus gabung dgn r.uks, ada 2 rudis yg 1 bru dibangun yg 1 sdh rusak berat",./1.png
125.162387816636,2.73575496025405,"120",SD GMiST Ikhtus Makalehi,"40104662","Syane Salimu, S.Pd ",Kampung Makalehi,1941/09/08,"2","1","2","5","1","5","5",,"5","2","5","2","5","5","1","8","14","6","10","8","1",,"1300","1","2","1","24","18","18","11","11","5","0","0","0","0","0","0","0","0","0","0","0","0","0","0","0","0","0","0","0","0","0","0","0","0","0","0","0","0","0","0","0","0","0","0","0","0","0","0","0","0","0","0","0","0","0","0","0","0","0","0","0","0","0","0","0","0","0","0","0","0","0","0","0","0","5","0","1",Makalehi,Siau Barat,DCIM/titik-sekolah_20221116165818063.jpg,DCIM/titik-sekolah_20221116165831168.jpg,DCIM/titik-sekolah_20221116165846724.jpg,Terdapat rumah dinas yg masih layak tetapi belum dihuni. Beberapa genteng dilantai atas hampir terlepas. Perpustakaan digabung dengan UKS. Ruang kelas 6 direhab tahun 2006. Sekolah hanya memiliki 1 jamban,./1.png
125.163042274316,2.73522233994003,"121",SMPN 3 Siau Barat,"40104767","Okira Pon Pulingkarengg, S.Teol",Kampung Makalehi   ,1984/07/02,"2","1","1","3","1","1","1",,"1","1","5","5","5","1","1","4","11","6","4","2","1",,"3500","1","2","1","42","42","42","18","18","8","0","0","0","0","1","0","0","0","0","0","0","0","0","0","0","0","1","0","0","0","0","0","0","0","0","0","0","0","1","0","0","0","0","0","1","0","0","0","0","0","1","0","0","0","0","0","0","0","0","0","0","0","1","0","0","0","0","0","0","0","0","0","0","0","2","0","2",Makalehi,Siau Barat,DCIM/titik-sekolah_20221116170838822.jpg,DCIM/titik-sekolah_20221116170848628.jpg,DCIM/titik-sekolah_20221116170903373.jpg,"Terdapat 3 rumah dinas, semua dihuni. Guru 8, PNS 6 org, sitaro mengajar 2. Lab bahasa baru direhab tapi belum digunakan. Lab IPA tidak digunakan karena peralatan sudah rusak.",./0.png
125.167636625103,2.7335766907058,"122",SDN Makalehi,"40104683",Rofina Kaangkung,Kampung Makalehi Timur,1974/07/08,"2","5","1","5","2","5","5",,"5","3","5","5","5","5","1","3","3","6","6","5","1",,"1300","1","2","1","43","20","40","14","14","7","0","0","0","0","1","0","0","0","0","0","0","0","0","0","0","0","0","0","0","0","0","0","0","0","0","0","0","0","0","0","0","0","0","0","0","0","0","0","0","0","0","0","0","0","0","0","0","0","0","0","0","0","0","0","0","0","0","0","0","0","0","0","0","0","6","0","1",Makalehi Timur,Siau Barat,DCIM/titik-sekolah_20221117002321941.jpg,DCIM/titik-sekolah_20221117002336573.jpg,DCIM/titik-sekolah_20221117002401501.jpg,"Koridor belum dipasang tegel. Terdapat 4 rumah dinas. 2 dihuni, 2 rusak berat dan tidak dihuni. Terdapa 3 jamban, 1 rusak ringan (plafon). ",./1.png
125.164643294082,2.73968793896345,"125",SDN Inpres Makalehi,"40104673","Etnalin Kansil, A.Ma.Pd",Kampung Makalehi Utara,1979/09/08,"2","1","1","5","1","5","5",,"5","1","1","4","5","5","1","5","22","6","7","7","1",,"900","1","2","1","16","16","16","13","13","6","0","0","0","0","1","0","0","0","0","0","0","0","0","0","0","0","0","0","0","0","0","0","0","0","0","0","0","0","0","0","0","0","0","0","0","0","0","0","0","0","0","0","0","0","0","0","0","0","0","0","0","0","0","0","0","0","0","0","0","0","1","0","0","0","4","0","1",Makalehi Utara,Siau Barat,DCIM/titik-sekolah_20221116103215725.jpg,DCIM/titik-sekolah_20221116103259313.jpg,DCIM/titik-sekolah_20221116103315035.jpg,"1 meja panjang untuk 2 org siswa. Terdapat 4 rumah dinas, 1 kondisi rusak berat dan tidak dihuni, 3 kondisi baik dan dihuni. Guru PNS 3, sitaro mengajar 3.",./1.png
